129iqq,boztu,3,0,False
3xj7454j,Desmesura,640,1585,False
orpbc,MindfulProtons,221,2381,False
3n4c5vdo,granti128,46,20,False
88l5xwz,RoccoTech00,58,238,False
42lfkqcf,w3_ar3_l3g10n,225,4073,False
17be1v66,github-alphapapa,7916,10726,False
19lzcbwm,yauwedo,12,86,False
499sxbga,knubeee,1,0,False
3bc1xzt6,rock-emacs,189,60,False
1cqjsfrj,_priyadarshan,2447,397,False
8h0l2,karlicoss,1201,414,False
3k1nbrcn,jack-of-some,8419,4606,False
ehrdy,mr_snowf1ake,594,664,False
15gqk8hg,Daangui,10,10,False
100j1v,klodhipper,8,0,False
fly56,zarkone,121,240,False
jpian,uptocode,30,1295,False
ejksg,StringVar,3744,789,False
4ih66csc,publicvoit,564,603,False
8mqie,sojnew,28,89,False
1pko65xw,moseswithhisbooks,2657,402,False
135bt2,ajyoon,2501,556,False
30pg6ug6,__hoja__,2081,1717,False
2y6pemjn,_raGa_,65,330,False
j6jxl,Ormindo,1644,1404,False
n0crzw0,Aeschylus26,993,1720,False
ymh3r,seidenkaufman,5277,8903,False
41fij,ieure,1219,9684,False
qt1a9,shoichit,67,6,False
ergrn,vcg3rd,248,4815,False
1z70i0fv,hankbalancing,6,52,False
129iqq,boztu,3,0,False
3xj7454j,Desmesura,640,1585,False
orpbc,MindfulProtons,221,2381,False
3n4c5vdo,granti128,46,20,False
88l5xwz,RoccoTech00,58,238,False
42lfkqcf,w3_ar3_l3g10n,225,4073,False
17be1v66,github-alphapapa,7916,10726,False
19lzcbwm,yauwedo,12,86,False
499sxbga,knubeee,1,0,False
3bc1xzt6,rock-emacs,189,60,False
1cqjsfrj,_priyadarshan,2447,397,False
8h0l2,karlicoss,1201,414,False
3k1nbrcn,jack-of-some,8419,4606,False
ehrdy,mr_snowf1ake,594,664,False
15gqk8hg,Daangui,10,10,False
100j1v,klodhipper,8,0,False
fly56,zarkone,121,240,False
jpian,uptocode,30,1295,False
ejksg,StringVar,3744,790,False
4ih66csc,publicvoit,564,603,False
8mqie,sojnew,28,89,False
1pko65xw,moseswithhisbooks,2657,402,False
135bt2,ajyoon,2501,556,False
30pg6ug6,__hoja__,2081,1717,False
2y6pemjn,_raGa_,65,330,False
j6jxl,Ormindo,1644,1404,False
n0crzw0,Aeschylus26,993,1720,False
ymh3r,seidenkaufman,5277,8903,False
41fij,ieure,1219,9684,False
qt1a9,shoichit,67,6,False
ergrn,vcg3rd,248,4815,False
1z70i0fv,hankbalancing,6,52,False
1z70i0fv,hankbalancing,6,52,False
3kgkql01,yep808,22489,3481,False
3kgkql01,yep808,22489,3481,False
3kgkql01,yep808,22489,3481,False
129iqq,boztu,3,0,False
3xj7454j,Desmesura,640,1585,False
orpbc,MindfulProtons,221,2381,False
3n4c5vdo,granti128,46,20,False
88l5xwz,RoccoTech00,58,238,False
42lfkqcf,w3_ar3_l3g10n,225,4073,False
17be1v66,github-alphapapa,7916,10726,False
19lzcbwm,yauwedo,12,86,False
499sxbga,knubeee,1,0,False
3bc1xzt6,rock-emacs,189,60,False
1cqjsfrj,_priyadarshan,2447,397,False
8h0l2,karlicoss,1201,414,False
3k1nbrcn,jack-of-some,8419,4606,False
ehrdy,mr_snowf1ake,594,664,False
15gqk8hg,Daangui,10,10,False
100j1v,klodhipper,8,0,False
fly56,zarkone,121,240,False
jpian,uptocode,30,1295,False
ejksg,StringVar,3744,791,False
4ih66csc,publicvoit,564,603,False
8mqie,sojnew,28,89,False
1pko65xw,moseswithhisbooks,2657,402,False
135bt2,ajyoon,2501,556,False
30pg6ug6,__hoja__,2081,1717,False
2y6pemjn,_raGa_,65,330,False
j6jxl,Ormindo,1644,1404,False
n0crzw0,Aeschylus26,993,1720,False
ymh3r,seidenkaufman,5277,8903,False
41fij,ieure,1219,9684,False
qt1a9,shoichit,67,6,False
ergrn,vcg3rd,248,4815,False
1z70i0fv,hankbalancing,6,52,False
3kgkql01,yep808,22489,3481,False
13fixm,enodragon1,4421,8378,False
e1tqw,saarin,441,17,False
lyfoaxy,olymk2,450,169,False
1gpw29so,edoelas,1823,318,False
3vvrvw1q,ckoneru,182,218,False
1pko65xw,moseswithhisbooks,2657,402,False
51ok6zxd,Firesonallcylinders,37,3617,False
gmmqi,WorldsEndless,734,329,False
1eohzfh7,aksh2161989,709,-66,False
ylvnq,ravio_the_unlikely,115,166,False
z9rto,celeritasCelery,927,6420,False
pi2bo27,ReyMenTheBeast,66,71,False
17be1v66,github-alphapapa,7916,10726,False
17be1v66,github-alphapapa,7916,10726,False
tvl7t,brookter,41,408,False
xyxtc,Gevatter,959,14686,False
3kgkql01,yep808,22489,3481,False
8v76k,Pipiyedu,786,1577,False
3hx6q,palakmathur,1,3,False
my4za,alkatori,999,30626,False
sk2wo,-jz-,999,1756,False
z9rto,celeritasCelery,927,6420,False
14j1re,OscilloLlama,208,487,False
8yijp7i,kanton10,5,94,False
jwv34,ideasman_42,1149,420,False
3d4r8,re5et,269,129,False
ts6ez,xbelanch,167,74,False
vacn5me,leungbk,91,136,False
1ltbqoi6,rockcamus,125,603,False
637cd,projectmoon,991,4771,False
5ozkf,ruby_object,99,99,False
8w5v6,ZeroPunch,119,171,False
2gddhqen,aidalgol,3463,2801,False
1j4uhgrs,wakyct,140,359,False
2qd50w3p,knarfw,3,0,False
hnnlp,jethroksy,329,317,False
ac3lmr,ambrevar,2916,793,False
4ivr5m1z,atamariya,135,18,False
3fiyykou,CloudsOfMagellan,2549,6160,False
5f5ma,GeorgeStorm,102,457,False
17paweiy,_gjm_,89,27,False
it2ob,MrMelankoli,2010,305,False
1xc7bgwo,wargxs,51,598,False
tu8jj,Hrothehun,2808,393,False
zb00v,guguts,312,146,False
zb00v,guguts,312,146,False
3xj7454j,Desmesura,640,1585,False
6slii,pimiddy,864,732,False
3nu8jafd,crimefighter_sweden,98,23,False
1x0s247b,techster47,83,15,False
3clxu,vfclists,3522,1470,False
8xyym,jmite,4573,16779,False
3fiyykou,CloudsOfMagellan,2549,6160,False
34rhaxhw,random_cynic,5491,16173,False
ra7i3,arichiardi,276,240,False
3kgkql01,yep808,22489,3481,False
6l4z3,AutoModerator,28044,470213,True
129iqq,boztu,3,0,False
3xj7454j,Desmesura,640,1585,False
orpbc,MindfulProtons,221,2381,False
3n4c5vdo,granti128,46,20,False
88l5xwz,RoccoTech00,58,238,False
42lfkqcf,w3_ar3_l3g10n,225,4073,False
17be1v66,github-alphapapa,7916,10726,False
19lzcbwm,yauwedo,12,86,False
499sxbga,knubeee,1,0,False
3bc1xzt6,rock-emacs,189,60,False
1cqjsfrj,_priyadarshan,2447,397,False
8h0l2,karlicoss,1201,414,False
3k1nbrcn,jack-of-some,8419,4606,False
ehrdy,mr_snowf1ake,594,664,False
15gqk8hg,Daangui,10,10,False
100j1v,klodhipper,8,0,False
fly56,zarkone,121,240,False
jpian,uptocode,30,1295,False
ejksg,StringVar,3744,791,False
4ih66csc,publicvoit,564,603,False
8mqie,sojnew,28,89,False
1pko65xw,moseswithhisbooks,2657,402,False
135bt2,ajyoon,2501,556,False
30pg6ug6,__hoja__,2081,1717,False
2y6pemjn,_raGa_,65,330,False
j6jxl,Ormindo,1644,1404,False
n0crzw0,Aeschylus26,993,1720,False
ymh3r,seidenkaufman,5277,8903,False
41fij,ieure,1219,9684,False
qt1a9,shoichit,67,6,False
ergrn,vcg3rd,248,4815,False
1z70i0fv,hankbalancing,6,52,False
3kgkql01,yep808,22489,3481,False
13fixm,enodragon1,4421,8378,False
e1tqw,saarin,441,17,False
lyfoaxy,olymk2,450,169,False
1gpw29so,edoelas,1823,318,False
3vvrvw1q,ckoneru,182,218,False
1pko65xw,moseswithhisbooks,2657,402,False
51ok6zxd,Firesonallcylinders,37,3617,False
gmmqi,WorldsEndless,734,329,False
1eohzfh7,aksh2161989,709,-66,False
ylvnq,ravio_the_unlikely,115,166,False
z9rto,celeritasCelery,927,6420,False
pi2bo27,ReyMenTheBeast,66,71,False
17be1v66,github-alphapapa,7916,10726,False
17be1v66,github-alphapapa,7916,10726,False
tvl7t,brookter,41,408,False
xyxtc,Gevatter,959,14686,False
3kgkql01,yep808,22489,3481,False
8v76k,Pipiyedu,786,1577,False
3hx6q,palakmathur,1,3,False
my4za,alkatori,999,30626,False
sk2wo,-jz-,999,1756,False
z9rto,celeritasCelery,927,6420,False
14j1re,OscilloLlama,208,487,False
8yijp7i,kanton10,5,94,False
jwv34,ideasman_42,1149,420,False
3d4r8,re5et,269,129,False
ts6ez,xbelanch,167,74,False
vacn5me,leungbk,91,136,False
1ltbqoi6,rockcamus,125,603,False
637cd,projectmoon,991,4771,False
5ozkf,ruby_object,99,99,False
8w5v6,ZeroPunch,119,171,False
2gddhqen,aidalgol,3463,2801,False
1j4uhgrs,wakyct,140,359,False
2qd50w3p,knarfw,3,0,False
hnnlp,jethroksy,329,317,False
ac3lmr,ambrevar,2916,793,False
4ivr5m1z,atamariya,135,18,False
3fiyykou,CloudsOfMagellan,2549,6160,False
5f5ma,GeorgeStorm,102,457,False
17paweiy,_gjm_,89,27,False
it2ob,MrMelankoli,2010,305,False
1xc7bgwo,wargxs,51,598,False
tu8jj,Hrothehun,2808,393,False
zb00v,guguts,312,146,False
zb00v,guguts,312,146,False
3xj7454j,Desmesura,640,1585,False
6slii,pimiddy,864,732,False
3nu8jafd,crimefighter_sweden,98,23,False
1x0s247b,techster47,83,15,False
3clxu,vfclists,3522,1470,False
8xyym,jmite,4573,16779,False
3fiyykou,CloudsOfMagellan,2549,6160,False
34rhaxhw,random_cynic,5491,16173,False
ra7i3,arichiardi,276,240,False
3kgkql01,yep808,22489,3481,False
6l4z3,AutoModerator,28044,470213,True
2wub6wvu,Mercury_mercs,247,1126,False
hcj69,wfdctrl,242,11258,False
1pko65xw,moseswithhisbooks,2657,402,False
4ub815zf,spirit_p,5,0,False
3clxu,vfclists,3522,1470,False
3bc1xzt6,rock-emacs,189,60,False
3k3yu,aesamattki,60963,103971,False
3kgkql01,yep808,22489,3481,False
ukyja4e,FormerAct,358,111,False
gmmqi,WorldsEndless,734,329,False
ymh3r,seidenkaufman,5277,8903,False
6ce0r,seanfarley,55,149,False
n0crzw0,Aeschylus26,993,1720,False
6k5fj,Taenk,3373,52042,False
12b0zx,somecucumber,485,1714,False
4ll9t0,nhnsn31,47,48,False
z9rto,celeritasCelery,927,6420,False
35cnj,YHVH,123,492,False
1nib5fhm,tech_addictede,36,139,False
6slii,pimiddy,864,732,False
95b44,titaniumbones,102,12,False
95b44,titaniumbones,102,12,False
17paweiy,_gjm_,89,27,False
3n4c5vdo,granti128,46,20,False
2ssltv7,dkluenter,32,18,False
xup40,tomatoaway,10852,608205,False
ergrn,vcg3rd,248,4815,False
3anybi4d,stuudente,708,303,False
jd3gt,jacobhilker1,3969,5656,False
z7asf,TTRation,627,430,False
tq01z,mansetta,5743,2830,False
17be1v66,github-alphapapa,7916,10726,False
17be1v66,github-alphapapa,7916,10726,False
60ju4,zamansky,4436,1115,False
gmmqi,WorldsEndless,734,329,False
2dw7h444,nv-elisp,320,1370,False
4ck2c1tf,topiolli,321,35,False
1hgq954,a-schaefers,1562,415,False
mhc8j,joselitux,4094,342,False
i0ih8,herpderp00,27,171,False
3kgkql01,yep808,22489,3481,False
9symfzi,srjjj,399,261,False
13l22c,CSRaghunandan,5779,1070,False
3bc1xzt6,rock-emacs,189,60,False
14gifb,EthanPhan,1304,4266,False
wxrfx,seeminglyugly,858,266,False
4d9w7whs,hydeSystemiser,23,11,False
4ae59,sbay,6822,6941,False
5exe0itm,Prodiehbr,1,2,False
z9rto,celeritasCelery,927,6420,False
3kgkql01,yep808,22489,3481,False
40ghs5rp,Moostropfen,198,43,False
42lfkqcf,w3_ar3_l3g10n,225,4073,False
42lfkqcf,w3_ar3_l3g10n,225,4073,False
x904e0q,1f1nas,640,97,False
3ixflogi,AsterOps,44,1,False
mxb97g,akulichevskiy,118,32,False
2wtr8i2y,ellipticcode0,333,-9,False
omm9s,snicksn,365,78,False
2eoxodoq,MatthewZMD,2165,1058,False
4ub815zf,spirit_p,5,0,False
19cfetg6,justtaft,176,61,False
4p4hwp1x,datalearntw,656,-1,False
11rvhn,DogLooksGood,60,151,False
3bc1xzt6,rock-emacs,189,60,False
9symfzi,srjjj,399,261,False
3clxu,vfclists,3522,1470,False
bng1b,Martinsos,1318,349,False
hs38jz3,kastauyra,189,218,False
20gmzz6n,manhoodlum,252,100,False
4j0gjp82,haydennyyy,2373,276,True
3clxu,vfclists,3522,1470,False
tvl7t,brookter,41,408,False
w6uzp,kahredici,94,59,False
jwv34,ideasman_42,1149,420,False
3vvrvw1q,ckoneru,182,218,False
cpi6z95,c17g,681,576,False
qmw65,commonmansoptns,19,26,False
l4jxt7p,focusedgrowth,30,524,False
433sdre,jur_0,19,7,False
14j1re,OscilloLlama,208,487,False
4ae59,sbay,6822,6941,False
2al88q3x,vale_fallacia,4282,70598,False
4whizzt,PigsDogsAndSheep,524,1576,False
md275,ProfessorSexyTime,2804,41057,False
22cbniia,AFewSentientNeurons,1126,7869,False
5e2n1x5c,OverallOrganization6,4,0,False
1pko65xw,moseswithhisbooks,2657,402,False
2lejnt3k,Oracolus,12340,6954,False
jwv34,ideasman_42,1149,420,False
4rfgs1,stfnbms,153,31,False
p387z,RageCage64,87,128,False
qh94b,gammarray,57,141,False
lz6oh,ajgrf,807,940,False
22cbniia,AFewSentientNeurons,1126,7869,False
6b5tg,LiterallyCarlSagan,992,2998,False
mrsxp9x,pgwang,34,20,False
2jlo340j,bananitsa,262,139,False
129iqq,boztu,3,0,False
3xj7454j,Desmesura,640,1585,False
orpbc,MindfulProtons,221,2381,False
3n4c5vdo,granti128,46,20,False
88l5xwz,RoccoTech00,58,238,False
42lfkqcf,w3_ar3_l3g10n,225,4073,False
17be1v66,github-alphapapa,7916,10726,False
19lzcbwm,yauwedo,12,86,False
499sxbga,knubeee,1,0,False
3bc1xzt6,rock-emacs,189,60,False
1cqjsfrj,_priyadarshan,2447,397,False
8h0l2,karlicoss,1201,414,False
3k1nbrcn,jack-of-some,8419,4606,False
ehrdy,mr_snowf1ake,594,664,False
15gqk8hg,Daangui,10,10,False
100j1v,klodhipper,8,0,False
fly56,zarkone,121,240,False
jpian,uptocode,30,1295,False
ejksg,StringVar,3744,791,False
4ih66csc,publicvoit,564,603,False
8mqie,sojnew,28,89,False
1pko65xw,moseswithhisbooks,2657,402,False
135bt2,ajyoon,2501,556,False
30pg6ug6,__hoja__,2081,1717,False
2y6pemjn,_raGa_,65,330,False
j6jxl,Ormindo,1644,1404,False
n0crzw0,Aeschylus26,993,1720,False
ymh3r,seidenkaufman,5277,8903,False
41fij,ieure,1219,9684,False
qt1a9,shoichit,67,6,False
ergrn,vcg3rd,248,4815,False
1z70i0fv,hankbalancing,6,52,False
3kgkql01,yep808,22489,3481,False
13fixm,enodragon1,4421,8378,False
e1tqw,saarin,441,17,False
lyfoaxy,olymk2,450,169,False
1gpw29so,edoelas,1823,318,False
3vvrvw1q,ckoneru,182,218,False
1pko65xw,moseswithhisbooks,2657,402,False
51ok6zxd,Firesonallcylinders,37,3617,False
gmmqi,WorldsEndless,734,329,False
1eohzfh7,aksh2161989,709,-66,False
ylvnq,ravio_the_unlikely,115,166,False
z9rto,celeritasCelery,927,6420,False
pi2bo27,ReyMenTheBeast,66,71,False
17be1v66,github-alphapapa,7916,10726,False
17be1v66,github-alphapapa,7916,10726,False
tvl7t,brookter,41,408,False
xyxtc,Gevatter,959,14686,False
3kgkql01,yep808,22489,3481,False
8v76k,Pipiyedu,786,1577,False
3hx6q,palakmathur,1,3,False
my4za,alkatori,999,30626,False
sk2wo,-jz-,999,1756,False
z9rto,celeritasCelery,927,6420,False
14j1re,OscilloLlama,208,487,False
8yijp7i,kanton10,5,94,False
jwv34,ideasman_42,1149,420,False
3d4r8,re5et,269,129,False
ts6ez,xbelanch,167,74,False
vacn5me,leungbk,91,136,False
1ltbqoi6,rockcamus,125,603,False
637cd,projectmoon,991,4771,False
5ozkf,ruby_object,99,99,False
8w5v6,ZeroPunch,119,171,False
2gddhqen,aidalgol,3463,2801,False
1j4uhgrs,wakyct,140,359,False
2qd50w3p,knarfw,3,0,False
hnnlp,jethroksy,329,317,False
ac3lmr,ambrevar,2916,793,False
4ivr5m1z,atamariya,135,18,False
3fiyykou,CloudsOfMagellan,2549,6160,False
5f5ma,GeorgeStorm,102,457,False
17paweiy,_gjm_,89,27,False
it2ob,MrMelankoli,2010,305,False
1xc7bgwo,wargxs,51,598,False
tu8jj,Hrothehun,2808,393,False
zb00v,guguts,312,146,False
zb00v,guguts,312,146,False
3xj7454j,Desmesura,640,1585,False
6slii,pimiddy,864,732,False
3nu8jafd,crimefighter_sweden,98,23,False
1x0s247b,techster47,83,15,False
3clxu,vfclists,3522,1470,False
8xyym,jmite,4573,16779,False
3fiyykou,CloudsOfMagellan,2549,6160,False
34rhaxhw,random_cynic,5491,16173,False
ra7i3,arichiardi,276,240,False
3kgkql01,yep808,22489,3481,False
6l4z3,AutoModerator,28043,470213,True
2wub6wvu,Mercury_mercs,247,1126,False
hcj69,wfdctrl,242,11258,False
1pko65xw,moseswithhisbooks,2657,402,False
4ub815zf,spirit_p,5,0,False
3clxu,vfclists,3522,1470,False
3bc1xzt6,rock-emacs,189,60,False
3k3yu,aesamattki,60963,103971,False
3kgkql01,yep808,22489,3481,False
ukyja4e,FormerAct,358,111,False
gmmqi,WorldsEndless,734,329,False
ymh3r,seidenkaufman,5277,8903,False
6ce0r,seanfarley,55,149,False
n0crzw0,Aeschylus26,993,1720,False
6k5fj,Taenk,3373,52042,False
12b0zx,somecucumber,485,1714,False
4ll9t0,nhnsn31,47,48,False
z9rto,celeritasCelery,927,6420,False
35cnj,YHVH,123,492,False
1nib5fhm,tech_addictede,36,139,False
6slii,pimiddy,864,732,False
95b44,titaniumbones,102,12,False
95b44,titaniumbones,102,12,False
17paweiy,_gjm_,89,27,False
3n4c5vdo,granti128,46,20,False
2ssltv7,dkluenter,32,18,False
xup40,tomatoaway,10852,608205,False
ergrn,vcg3rd,248,4815,False
3anybi4d,stuudente,708,303,False
jd3gt,jacobhilker1,3969,5656,False
z7asf,TTRation,627,430,False
tq01z,mansetta,5743,2831,False
17be1v66,github-alphapapa,7916,10726,False
17be1v66,github-alphapapa,7916,10726,False
60ju4,zamansky,4436,1115,False
gmmqi,WorldsEndless,734,329,False
2dw7h444,nv-elisp,320,1370,False
4ck2c1tf,topiolli,321,35,False
1hgq954,a-schaefers,1562,415,False
mhc8j,joselitux,4094,342,False
i0ih8,herpderp00,27,171,False
3kgkql01,yep808,22489,3481,False
9symfzi,srjjj,399,261,False
13l22c,CSRaghunandan,5779,1070,False
3bc1xzt6,rock-emacs,189,60,False
14gifb,EthanPhan,1304,4266,False
wxrfx,seeminglyugly,858,266,False
4d9w7whs,hydeSystemiser,23,11,False
4ae59,sbay,6822,6941,False
5exe0itm,Prodiehbr,1,2,False
z9rto,celeritasCelery,927,6420,False
3kgkql01,yep808,22489,3481,False
40ghs5rp,Moostropfen,198,43,False
42lfkqcf,w3_ar3_l3g10n,225,4073,False
42lfkqcf,w3_ar3_l3g10n,225,4073,False
x904e0q,1f1nas,640,97,False
3ixflogi,AsterOps,44,1,False
mxb97g,akulichevskiy,118,32,False
2wtr8i2y,ellipticcode0,333,-9,False
omm9s,snicksn,365,78,False
2eoxodoq,MatthewZMD,2165,1058,False
4ub815zf,spirit_p,5,0,False
19cfetg6,justtaft,176,61,False
4p4hwp1x,datalearntw,656,-1,False
11rvhn,DogLooksGood,60,151,False
3bc1xzt6,rock-emacs,189,60,False
9symfzi,srjjj,399,261,False
3clxu,vfclists,3522,1470,False
bng1b,Martinsos,1318,349,False
hs38jz3,kastauyra,189,218,False
20gmzz6n,manhoodlum,252,100,False
4j0gjp82,haydennyyy,2373,276,True
3clxu,vfclists,3522,1470,False
tvl7t,brookter,41,408,False
w6uzp,kahredici,94,59,False
jwv34,ideasman_42,1149,420,False
3vvrvw1q,ckoneru,182,218,False
cpi6z95,c17g,681,576,False
qmw65,commonmansoptns,19,26,False
l4jxt7p,focusedgrowth,30,524,False
433sdre,jur_0,19,7,False
14j1re,OscilloLlama,208,487,False
4ae59,sbay,6822,6941,False
2al88q3x,vale_fallacia,4282,70598,False
4whizzt,PigsDogsAndSheep,524,1576,False
md275,ProfessorSexyTime,2804,41057,False
22cbniia,AFewSentientNeurons,1126,7869,False
5e2n1x5c,OverallOrganization6,4,0,False
1pko65xw,moseswithhisbooks,2657,402,False
2lejnt3k,Oracolus,12340,6954,False
jwv34,ideasman_42,1149,420,False
4rfgs1,stfnbms,153,31,False
p387z,RageCage64,87,128,False
qh94b,gammarray,57,141,False
lz6oh,ajgrf,807,940,False
22cbniia,AFewSentientNeurons,1126,7869,False
6b5tg,LiterallyCarlSagan,992,2998,False
mrsxp9x,pgwang,34,20,False
2jlo340j,bananitsa,262,139,False
14d432td,holisticneuropsygirl,3,11,False
684e1,122ninjas,7424,35511,False
57hw5pns,apemangr,30,19,False
22cbniia,AFewSentientNeurons,1126,7869,False
19cfetg6,justtaft,176,61,False
6l4z3,AutoModerator,28043,470213,True
3xj7454j,Desmesura,640,1585,False
omm9s,snicksn,365,78,False
fueqz,MadStranger,817,1049,False
zb00v,guguts,312,146,False
10c99j,seagle0128,933,208,False
d2mj6,oz1cz,5852,5352,False
46y58jw3,Prussner,336,21,False
3fiyykou,CloudsOfMagellan,2549,6160,False
4ae59,sbay,6822,6941,False
kn6yb,extremeaxe5,2204,673,False
2inl89ds,spekkio333,1,1,False
3vvrvw1q,ckoneru,182,218,False
14cz4w,phineas0fog,841,253,False
3kgkql01,yep808,22489,3481,False
ri2ow,MadMan001,120,179,False
13p6gig2,takethecannoli4,13078,25544,False
5q2ns,nanounanue,124,50,False
igtri,4goodapp,166,96,False
3xqifjws,ndamee,13399,409,False
3gjjtpnq,itistheblurstoftimes,293,963,False
npp5h,yubrshen,131,58,False
22cbniia,AFewSentientNeurons,1126,7869,False
k8fkw,nwrhlhsn,1,39,False
4ae59,sbay,6822,6941,False
93l65,spdcbr,540,552,False
l0d44,Drak-pa,2591,2411,False
yacj2,fengshuo211,25,108,False
3clxu,vfclists,3522,1470,False
jwv34,ideasman_42,1149,420,False
3kgkql01,yep808,22489,3481,False
13l22c,CSRaghunandan,5779,1070,False
3d69xp,ram535,68,62,False
2lejnt3k,Oracolus,12340,6954,False
kn6yb,extremeaxe5,2204,673,False
3xqifjws,ndamee,13399,409,False
10c99j,seagle0128,933,208,False
3vvrvw1q,ckoneru,182,218,False
3vvrvw1q,ckoneru,182,218,False
17paweiy,_gjm_,89,27,False
17be1v66,github-alphapapa,7916,10726,False
4agt4tsa,chrisdempewolf,139,470,False
22cbniia,AFewSentientNeurons,1126,7869,False
22cbniia,AFewSentientNeurons,1126,7869,False
ucdkq,yurikoif,1,15,False
3gjjtpnq,itistheblurstoftimes,293,963,False
y9pj5,Linupe,659,857,False
8xyym,jmite,4573,16779,False
4mhyiss2,Walid-Hammami,25,235,False
1x0s247b,techster47,83,15,False
7utb3,Mishkun,3328,257,False
hjbxg6i,derDemiurg,785,130,False
fly56,zarkone,121,240,False
5deinrri,systemhalted,329,157,False
3kgkql01,yep808,22489,3481,False
5gsazj31,csemacs,118,71,False
npp5h,yubrshen,131,58,False
vffqx,nickmartin117,229,134,False
359rm,paines,315,785,False
13jsdxox,m_ninepoints,607,5329,False
13l22c,CSRaghunandan,5779,1070,False
14cg51,casouri,739,347,False
60ju4,zamansky,4436,1115,False
njsqgl2,brainplot,1412,4562,False
4hltv3e9,Nathoufresh,60,148,False
8w5v6,ZeroPunch,119,171,False
3yy21,codygman,1376,12618,False
3clxu,vfclists,3522,1470,False
2dw7h444,nv-elisp,320,1370,False
3tn7pcdr,SidharthArya-,36,18,False
472mgzb5,aoeuiddhtns,368,60,False
10505br2,MateuszLeo,1,0,False
2htrodb8,ocelaiwo,17,1,False
1i33uip,curiousdoggo,575,180,False
4kw1nq2j,aodhneine,59,20,False
4g5josv6,hefak,71,20,False
4g5josv6,hefak,71,20,False
19cfetg6,justtaft,176,61,False
1pko65xw,moseswithhisbooks,2657,402,False
9vlow,freesteph,385,174,False
9zps,ndw,15,5,True
4ae59,sbay,6822,6941,False
vffqx,nickmartin117,229,134,False
3k1nbrcn,jack-of-some,8419,4606,False
14cz4w,phineas0fog,841,253,False
hcj69,wfdctrl,242,11258,False
19a1sqq,ypma_j,37,0,False
129iqq,boztu,3,0,False
3xj7454j,Desmesura,640,1585,False
orpbc,MindfulProtons,221,2381,False
3n4c5vdo,granti128,46,20,False
88l5xwz,RoccoTech00,58,238,False
42lfkqcf,w3_ar3_l3g10n,225,4073,False
17be1v66,github-alphapapa,7916,10726,False
19lzcbwm,yauwedo,12,86,False
499sxbga,knubeee,1,0,False
3bc1xzt6,rock-emacs,189,60,False
1cqjsfrj,_priyadarshan,2447,397,False
8h0l2,karlicoss,1201,414,False
3k1nbrcn,jack-of-some,8419,4606,False
ehrdy,mr_snowf1ake,594,664,False
15gqk8hg,Daangui,10,10,False
100j1v,klodhipper,8,0,False
fly56,zarkone,121,240,False
jpian,uptocode,30,1295,False
ejksg,StringVar,3744,792,False
4ih66csc,publicvoit,564,603,False
8mqie,sojnew,28,89,False
1pko65xw,moseswithhisbooks,2657,402,False
135bt2,ajyoon,2501,556,False
30pg6ug6,__hoja__,2081,1717,False
2y6pemjn,_raGa_,65,330,False
j6jxl,Ormindo,1644,1404,False
n0crzw0,Aeschylus26,993,1720,False
ymh3r,seidenkaufman,5277,8903,False
41fij,ieure,1219,9684,False
qt1a9,shoichit,67,6,False
ergrn,vcg3rd,248,4815,False
1z70i0fv,hankbalancing,6,52,False
3kgkql01,yep808,22489,3481,False
13fixm,enodragon1,4421,8378,False
e1tqw,saarin,441,17,False
lyfoaxy,olymk2,450,169,False
1gpw29so,edoelas,1823,318,False
3vvrvw1q,ckoneru,182,218,False
1pko65xw,moseswithhisbooks,2657,402,False
51ok6zxd,Firesonallcylinders,37,3617,False
gmmqi,WorldsEndless,734,329,False
1eohzfh7,aksh2161989,709,-66,False
ylvnq,ravio_the_unlikely,115,166,False
z9rto,celeritasCelery,927,6420,False
pi2bo27,ReyMenTheBeast,66,71,False
17be1v66,github-alphapapa,7916,10726,False
17be1v66,github-alphapapa,7916,10726,False
tvl7t,brookter,41,408,False
xyxtc,Gevatter,959,14686,False
3kgkql01,yep808,22489,3481,False
8v76k,Pipiyedu,786,1577,False
3hx6q,palakmathur,1,3,False
my4za,alkatori,999,30626,False
sk2wo,-jz-,999,1756,False
z9rto,celeritasCelery,927,6420,False
14j1re,OscilloLlama,208,487,False
8yijp7i,kanton10,5,94,False
jwv34,ideasman_42,1149,420,False
3d4r8,re5et,269,129,False
ts6ez,xbelanch,167,74,False
vacn5me,leungbk,91,136,False
1ltbqoi6,rockcamus,125,603,False
637cd,projectmoon,991,4771,False
5ozkf,ruby_object,99,99,False
8w5v6,ZeroPunch,119,171,False
2gddhqen,aidalgol,3463,2801,False
1j4uhgrs,wakyct,140,359,False
2qd50w3p,knarfw,3,0,False
hnnlp,jethroksy,329,317,False
ac3lmr,ambrevar,2916,793,False
4ivr5m1z,atamariya,135,18,False
3fiyykou,CloudsOfMagellan,2549,6160,False
5f5ma,GeorgeStorm,102,457,False
17paweiy,_gjm_,89,27,False
it2ob,MrMelankoli,2010,305,False
1xc7bgwo,wargxs,51,598,False
tu8jj,Hrothehun,2808,393,False
zb00v,guguts,312,146,False
zb00v,guguts,312,146,False
3xj7454j,Desmesura,640,1585,False
6slii,pimiddy,864,732,False
3nu8jafd,crimefighter_sweden,98,23,False
1x0s247b,techster47,83,15,False
3clxu,vfclists,3522,1470,False
8xyym,jmite,4573,16779,False
3fiyykou,CloudsOfMagellan,2549,6160,False
34rhaxhw,random_cynic,5491,16173,False
ra7i3,arichiardi,276,240,False
3kgkql01,yep808,22489,3481,False
6l4z3,AutoModerator,28043,470215,True
2wub6wvu,Mercury_mercs,247,1126,False
hcj69,wfdctrl,242,11258,False
1pko65xw,moseswithhisbooks,2657,402,False
4ub815zf,spirit_p,5,0,False
3clxu,vfclists,3522,1470,False
3bc1xzt6,rock-emacs,189,60,False
3k3yu,aesamattki,60963,103971,False
3kgkql01,yep808,22489,3481,False
ukyja4e,FormerAct,358,111,False
gmmqi,WorldsEndless,734,329,False
ymh3r,seidenkaufman,5277,8903,False
6ce0r,seanfarley,55,149,False
n0crzw0,Aeschylus26,993,1720,False
6k5fj,Taenk,3373,52042,False
12b0zx,somecucumber,485,1714,False
4ll9t0,nhnsn31,47,48,False
z9rto,celeritasCelery,927,6420,False
35cnj,YHVH,123,492,False
1nib5fhm,tech_addictede,36,139,False
6slii,pimiddy,864,732,False
95b44,titaniumbones,102,12,False
95b44,titaniumbones,102,12,False
17paweiy,_gjm_,89,27,False
3n4c5vdo,granti128,46,20,False
2ssltv7,dkluenter,32,18,False
xup40,tomatoaway,10852,608205,False
ergrn,vcg3rd,248,4815,False
3anybi4d,stuudente,708,303,False
jd3gt,jacobhilker1,3969,5656,False
z7asf,TTRation,627,430,False
tq01z,mansetta,5743,2831,False
17be1v66,github-alphapapa,7916,10726,False
17be1v66,github-alphapapa,7916,10726,False
60ju4,zamansky,4436,1115,False
gmmqi,WorldsEndless,734,329,False
2dw7h444,nv-elisp,320,1370,False
4ck2c1tf,topiolli,321,35,False
1hgq954,a-schaefers,1562,415,False
mhc8j,joselitux,4094,342,False
i0ih8,herpderp00,27,171,False
3kgkql01,yep808,22489,3481,False
9symfzi,srjjj,399,261,False
13l22c,CSRaghunandan,5779,1070,False
3bc1xzt6,rock-emacs,189,60,False
14gifb,EthanPhan,1304,4266,False
wxrfx,seeminglyugly,858,266,False
4d9w7whs,hydeSystemiser,23,11,False
4ae59,sbay,6822,6941,False
5exe0itm,Prodiehbr,1,2,False
z9rto,celeritasCelery,927,6420,False
3kgkql01,yep808,22489,3481,False
40ghs5rp,Moostropfen,198,43,False
42lfkqcf,w3_ar3_l3g10n,225,4073,False
42lfkqcf,w3_ar3_l3g10n,225,4073,False
x904e0q,1f1nas,640,97,False
3ixflogi,AsterOps,44,1,False
mxb97g,akulichevskiy,118,32,False
2wtr8i2y,ellipticcode0,333,-9,False
omm9s,snicksn,365,78,False
2eoxodoq,MatthewZMD,2165,1058,False
4ub815zf,spirit_p,5,0,False
19cfetg6,justtaft,176,61,False
4p4hwp1x,datalearntw,656,-1,False
11rvhn,DogLooksGood,60,151,False
3bc1xzt6,rock-emacs,189,60,False
9symfzi,srjjj,399,261,False
3clxu,vfclists,3522,1470,False
bng1b,Martinsos,1318,349,False
hs38jz3,kastauyra,189,218,False
20gmzz6n,manhoodlum,252,100,False
4j0gjp82,haydennyyy,2373,276,True
3clxu,vfclists,3522,1470,False
tvl7t,brookter,41,408,False
w6uzp,kahredici,94,59,False
jwv34,ideasman_42,1149,420,False
3vvrvw1q,ckoneru,182,218,False
cpi6z95,c17g,681,576,False
qmw65,commonmansoptns,19,26,False
l4jxt7p,focusedgrowth,30,524,False
433sdre,jur_0,19,7,False
14j1re,OscilloLlama,208,487,False
4ae59,sbay,6822,6941,False
2al88q3x,vale_fallacia,4282,70599,False
4whizzt,PigsDogsAndSheep,524,1576,False
md275,ProfessorSexyTime,2804,41057,False
22cbniia,AFewSentientNeurons,1126,7869,False
5e2n1x5c,OverallOrganization6,4,0,False
1pko65xw,moseswithhisbooks,2657,402,False
2lejnt3k,Oracolus,12340,6954,False
jwv34,ideasman_42,1149,420,False
4rfgs1,stfnbms,153,31,False
p387z,RageCage64,87,128,False
qh94b,gammarray,57,141,False
lz6oh,ajgrf,807,940,False
22cbniia,AFewSentientNeurons,1126,7869,False
6b5tg,LiterallyCarlSagan,992,2998,False
mrsxp9x,pgwang,34,20,False
2jlo340j,bananitsa,262,139,False
14d432td,holisticneuropsygirl,3,11,False
684e1,122ninjas,7424,35512,False
57hw5pns,apemangr,30,19,False
22cbniia,AFewSentientNeurons,1126,7869,False
19cfetg6,justtaft,176,61,False
6l4z3,AutoModerator,28043,470215,True
3xj7454j,Desmesura,640,1585,False
omm9s,snicksn,365,78,False
fueqz,MadStranger,817,1049,False
zb00v,guguts,312,146,False
10c99j,seagle0128,933,208,False
d2mj6,oz1cz,5852,5352,False
46y58jw3,Prussner,336,21,False
3fiyykou,CloudsOfMagellan,2549,6160,False
4ae59,sbay,6822,6941,False
kn6yb,extremeaxe5,2204,673,False
2inl89ds,spekkio333,1,1,False
3vvrvw1q,ckoneru,182,218,False
14cz4w,phineas0fog,841,253,False
3kgkql01,yep808,22489,3481,False
ri2ow,MadMan001,120,179,False
13p6gig2,takethecannoli4,13078,25544,False
5q2ns,nanounanue,124,50,False
igtri,4goodapp,166,96,False
3xqifjws,ndamee,13399,409,False
3gjjtpnq,itistheblurstoftimes,293,963,False
npp5h,yubrshen,131,58,False
22cbniia,AFewSentientNeurons,1126,7869,False
k8fkw,nwrhlhsn,1,39,False
4ae59,sbay,6822,6941,False
93l65,spdcbr,540,552,False
l0d44,Drak-pa,2591,2411,False
yacj2,fengshuo211,25,108,False
3clxu,vfclists,3522,1470,False
jwv34,ideasman_42,1149,420,False
3kgkql01,yep808,22489,3481,False
13l22c,CSRaghunandan,5779,1070,False
3d69xp,ram535,68,62,False
2lejnt3k,Oracolus,12340,6954,False
kn6yb,extremeaxe5,2204,673,False
3xqifjws,ndamee,13399,409,False
10c99j,seagle0128,933,208,False
3vvrvw1q,ckoneru,182,218,False
3vvrvw1q,ckoneru,182,218,False
17paweiy,_gjm_,89,27,False
17be1v66,github-alphapapa,7916,10726,False
4agt4tsa,chrisdempewolf,139,470,False
22cbniia,AFewSentientNeurons,1126,7869,False
22cbniia,AFewSentientNeurons,1126,7869,False
ucdkq,yurikoif,1,15,False
3gjjtpnq,itistheblurstoftimes,293,963,False
y9pj5,Linupe,659,857,False
8xyym,jmite,4573,16779,False
4mhyiss2,Walid-Hammami,25,235,False
1x0s247b,techster47,83,15,False
7utb3,Mishkun,3328,257,False
hjbxg6i,derDemiurg,785,130,False
fly56,zarkone,121,240,False
5deinrri,systemhalted,329,157,False
3kgkql01,yep808,22489,3481,False
5gsazj31,csemacs,118,71,False
npp5h,yubrshen,131,58,False
vffqx,nickmartin117,229,134,False
359rm,paines,315,785,False
13jsdxox,m_ninepoints,607,5329,False
13l22c,CSRaghunandan,5779,1070,False
14cg51,casouri,739,347,False
60ju4,zamansky,4436,1115,False
njsqgl2,brainplot,1412,4562,False
4hltv3e9,Nathoufresh,60,148,False
8w5v6,ZeroPunch,119,171,False
3yy21,codygman,1376,12618,False
3clxu,vfclists,3522,1470,False
2dw7h444,nv-elisp,320,1370,False
3tn7pcdr,SidharthArya-,36,18,False
472mgzb5,aoeuiddhtns,368,60,False
10505br2,MateuszLeo,1,0,False
2htrodb8,ocelaiwo,17,1,False
1i33uip,curiousdoggo,575,180,False
4kw1nq2j,aodhneine,59,20,False
4g5josv6,hefak,71,20,False
4g5josv6,hefak,71,20,False
19cfetg6,justtaft,176,61,False
1pko65xw,moseswithhisbooks,2657,402,False
9vlow,freesteph,385,174,False
9zps,ndw,15,5,True
4ae59,sbay,6822,6941,False
vffqx,nickmartin117,229,134,False
3k1nbrcn,jack-of-some,8419,4606,False
14cz4w,phineas0fog,841,253,False
hcj69,wfdctrl,242,11258,False
19a1sqq,ypma_j,37,0,False
51lqvaze,fumpeddorado,178,417,False
4ih66csc,publicvoit,564,603,False
gv2in,justinabrahms,404,701,True
6u1p9,AureumLeonis,722,137,False
37hm3,jpdoctor,7287,25691,False
ddqfx,jumper047,283,156,False
6l4z3,AutoModerator,28043,470216,True
3kgkql01,yep808,22489,3481,False
s8dz7b3,tsar9x,53,280,False
4ivr5m1z,atamariya,135,18,False
hs38jz3,kastauyra,189,218,False
3fiyykou,CloudsOfMagellan,2549,6160,False
1vdjrejw,sweetyhoneybee,161,115,False
17paweiy,_gjm_,89,27,False
5bytdvja,vatigking,130,-11,False
gmmqi,WorldsEndless,734,329,False
1pko65xw,moseswithhisbooks,2657,402,False
32mvlkyo,SYHM6Q18JP,23,332,False
t55tw,advhound,24,3,False
4vxmm1t4,ehostunreach,432,71289,False
5ms07,amirrajan,26264,11132,True
18y322x,BrokenCrt,28,7,False
4ae59,sbay,6822,6941,False
3kgkql01,yep808,22489,3481,False
4ae59,sbay,6822,6941,False
nsgrp,dwrz,449,106,False
9npe8,ispinfx,93,168,False
okkyea,yelinaung98,163,20,False
14grtk,Vurpius,721,169,False
2wub6wvu,Mercury_mercs,247,1126,False
uj4r8ba,vakker00,175,119,False
7ccf,speckz,8770497,54100,True
u6o1g,billyb99,5,0,False
3fz7z9wp,Viko9604,89,3,False
g3bq9,Chilllking,6,198,False
3dbgovrw,ema2159,2417,782,False
zpen6,ragnese,585,3778,False
nh2e2a3,tim-hilt,784,289,False
13axsl,RidgeRegressor,2923,7945,False
17be1v66,github-alphapapa,7916,10726,False
5fmiub6x,voidstarpodcast,397,13,False
5i2g3nq2,Even-Bed,4,0,False
129ngz,Rauch_Schall,211,263,False
4ih66csc,publicvoit,564,603,False
2g0vvde9,clafordvlawrence,127,57,False
ri2ow,MadMan001,120,179,False
6slii,pimiddy,864,732,False
22cbniia,AFewSentientNeurons,1126,7869,False
34stu,spudlyo,1375,2667,False
dnrz4,ReneFroger,11210,2896,False
c2mq5,aSamWow,129,3028,False
ekdeh,tarsius_,2141,1330,False
6o8e9,mruts,700,365,False
19cfetg6,justtaft,176,61,False
p2aez7v,golden_bear_2016,112,3862,False
17be1v66,github-alphapapa,7916,10726,False
emg6u,thblt,2003,2217,False
8r4f5,Passeride,636,701,False
xup40,tomatoaway,10852,608205,False
w7w9e32,andreyorst,1637,4622,False
3xqifjws,ndamee,13399,409,False
2tkm34ze,Zog2,25,6,False
5xhym,keepitsalty,1787,7425,False
nh2e2a3,tim-hilt,784,289,False
zb00v,guguts,312,146,False
2z9w,kcin,60151,46352,False
gmmqi,WorldsEndless,734,329,False
14ever,ioyoumylife,934,46,False
f7e7n,huydotnet,3377,701,False
23nftag2,aartist111,61,84,False
6zi48,Proziam,29,1654,False
2wtr8i2y,ellipticcode0,333,-9,False
592a52ny,ivanchoff,3,0,False
26fa037l,shinyram,10,25,False
17be1v66,github-alphapapa,7916,10726,False
30hgclyb,TeaTortoise,63,1309,False
u6o1g,billyb99,5,0,False
3hpygy0n,behollder,11,2,False
61ae9,eu-guy,1787,4816,False
4ih66csc,publicvoit,564,603,False
19cfetg6,justtaft,176,61,False
1cqjsfrj,_priyadarshan,2447,397,False
10awyf,h_allover,2860,2889,False
4ae59,sbay,6822,6941,False
2wtr8i2y,ellipticcode0,333,-9,False
3clxu,vfclists,3522,1470,False
17be1v66,github-alphapapa,7916,10726,False
17be1v66,github-alphapapa,7916,10726,False
2z9w,kcin,60151,46352,False
3kgkql01,yep808,22489,3481,False
129iqq,boztu,3,0,False
3xj7454j,Desmesura,640,1585,False
orpbc,MindfulProtons,221,2381,False
3n4c5vdo,granti128,46,20,False
88l5xwz,RoccoTech00,58,238,False
42lfkqcf,w3_ar3_l3g10n,225,4073,False
17be1v66,github-alphapapa,7916,10726,False
19lzcbwm,yauwedo,12,86,False
499sxbga,knubeee,1,0,False
3bc1xzt6,rock-emacs,189,60,False
1cqjsfrj,_priyadarshan,2447,397,False
8h0l2,karlicoss,1201,414,False
3k1nbrcn,jack-of-some,8419,4606,False
ehrdy,mr_snowf1ake,594,664,False
15gqk8hg,Daangui,10,10,False
100j1v,klodhipper,8,0,False
fly56,zarkone,121,240,False
jpian,uptocode,30,1295,False
ejksg,StringVar,3744,793,False
4ih66csc,publicvoit,564,603,False
8mqie,sojnew,28,89,False
1pko65xw,moseswithhisbooks,2657,402,False
135bt2,ajyoon,2501,556,False
30pg6ug6,__hoja__,2081,1717,False
2y6pemjn,_raGa_,65,330,False
j6jxl,Ormindo,1644,1404,False
n0crzw0,Aeschylus26,993,1720,False
ymh3r,seidenkaufman,5277,8903,False
41fij,ieure,1219,9684,False
qt1a9,shoichit,67,6,False
ergrn,vcg3rd,248,4815,False
1z70i0fv,hankbalancing,6,52,False
3kgkql01,yep808,22489,3481,False
13fixm,enodragon1,4424,8378,False
e1tqw,saarin,441,17,False
lyfoaxy,olymk2,450,169,False
1gpw29so,edoelas,1823,318,False
3vvrvw1q,ckoneru,182,218,False
1pko65xw,moseswithhisbooks,2657,402,False
51ok6zxd,Firesonallcylinders,37,3617,False
gmmqi,WorldsEndless,734,329,False
1eohzfh7,aksh2161989,709,-66,False
ylvnq,ravio_the_unlikely,115,166,False
z9rto,celeritasCelery,927,6420,False
pi2bo27,ReyMenTheBeast,66,71,False
17be1v66,github-alphapapa,7916,10726,False
17be1v66,github-alphapapa,7916,10726,False
tvl7t,brookter,41,408,False
xyxtc,Gevatter,959,14686,False
3kgkql01,yep808,22489,3481,False
8v76k,Pipiyedu,786,1577,False
3hx6q,palakmathur,1,3,False
my4za,alkatori,999,30626,False
sk2wo,-jz-,999,1756,False
z9rto,celeritasCelery,927,6420,False
14j1re,OscilloLlama,208,487,False
8yijp7i,kanton10,5,94,False
jwv34,ideasman_42,1149,420,False
3d4r8,re5et,269,129,False
ts6ez,xbelanch,167,74,False
vacn5me,leungbk,91,136,False
1ltbqoi6,rockcamus,125,603,False
637cd,projectmoon,991,4771,False
5ozkf,ruby_object,99,99,False
8w5v6,ZeroPunch,119,171,False
2gddhqen,aidalgol,3463,2801,False
1j4uhgrs,wakyct,140,359,False
2qd50w3p,knarfw,3,0,False
hnnlp,jethroksy,329,317,False
ac3lmr,ambrevar,2916,793,False
4ivr5m1z,atamariya,135,18,False
3fiyykou,CloudsOfMagellan,2549,6160,False
5f5ma,GeorgeStorm,102,457,False
17paweiy,_gjm_,89,27,False
it2ob,MrMelankoli,2010,305,False
1xc7bgwo,wargxs,51,598,False
tu8jj,Hrothehun,2808,393,False
zb00v,guguts,312,146,False
zb00v,guguts,312,146,False
3xj7454j,Desmesura,640,1585,False
6slii,pimiddy,864,732,False
3nu8jafd,crimefighter_sweden,98,23,False
1x0s247b,techster47,83,15,False
3clxu,vfclists,3522,1470,False
8xyym,jmite,4573,16779,False
3fiyykou,CloudsOfMagellan,2549,6161,False
34rhaxhw,random_cynic,5491,16173,False
ra7i3,arichiardi,276,240,False
3kgkql01,yep808,22489,3481,False
6l4z3,AutoModerator,28043,470216,True
2wub6wvu,Mercury_mercs,247,1126,False
hcj69,wfdctrl,242,11258,False
1pko65xw,moseswithhisbooks,2657,402,False
4ub815zf,spirit_p,5,0,False
3clxu,vfclists,3522,1470,False
3bc1xzt6,rock-emacs,189,60,False
3k3yu,aesamattki,60963,103971,False
3kgkql01,yep808,22489,3481,False
ukyja4e,FormerAct,358,111,False
gmmqi,WorldsEndless,734,329,False
ymh3r,seidenkaufman,5277,8903,False
6ce0r,seanfarley,55,149,False
n0crzw0,Aeschylus26,993,1720,False
6k5fj,Taenk,3373,52042,False
12b0zx,somecucumber,485,1714,False
4ll9t0,nhnsn31,47,48,False
z9rto,celeritasCelery,927,6420,False
35cnj,YHVH,123,492,False
1nib5fhm,tech_addictede,36,139,False
6slii,pimiddy,864,732,False
95b44,titaniumbones,102,12,False
95b44,titaniumbones,102,12,False
17paweiy,_gjm_,89,27,False
3n4c5vdo,granti128,46,20,False
2ssltv7,dkluenter,32,18,False
xup40,tomatoaway,10852,608205,False
ergrn,vcg3rd,248,4815,False
3anybi4d,stuudente,708,303,False
jd3gt,jacobhilker1,3969,5656,False
z7asf,TTRation,627,430,False
tq01z,mansetta,5743,2831,False
17be1v66,github-alphapapa,7916,10726,False
17be1v66,github-alphapapa,7916,10726,False
60ju4,zamansky,4436,1115,False
gmmqi,WorldsEndless,734,329,False
2dw7h444,nv-elisp,320,1370,False
4ck2c1tf,topiolli,321,35,False
1hgq954,a-schaefers,1562,415,False
mhc8j,joselitux,4094,342,False
i0ih8,herpderp00,27,171,False
3kgkql01,yep808,22489,3481,False
9symfzi,srjjj,399,261,False
13l22c,CSRaghunandan,5779,1070,False
3bc1xzt6,rock-emacs,189,60,False
14gifb,EthanPhan,1304,4266,False
wxrfx,seeminglyugly,858,266,False
4d9w7whs,hydeSystemiser,23,11,False
4ae59,sbay,6822,6941,False
5exe0itm,Prodiehbr,1,2,False
z9rto,celeritasCelery,927,6420,False
3kgkql01,yep808,22489,3481,False
40ghs5rp,Moostropfen,198,43,False
42lfkqcf,w3_ar3_l3g10n,225,4073,False
42lfkqcf,w3_ar3_l3g10n,225,4073,False
x904e0q,1f1nas,640,97,False
3ixflogi,AsterOps,44,1,False
mxb97g,akulichevskiy,118,32,False
2wtr8i2y,ellipticcode0,333,-9,False
omm9s,snicksn,365,78,False
2eoxodoq,MatthewZMD,2165,1058,False
4ub815zf,spirit_p,5,0,False
19cfetg6,justtaft,176,61,False
4p4hwp1x,datalearntw,656,-1,False
11rvhn,DogLooksGood,60,151,False
3bc1xzt6,rock-emacs,189,60,False
9symfzi,srjjj,399,261,False
3clxu,vfclists,3522,1470,False
bng1b,Martinsos,1318,349,False
hs38jz3,kastauyra,189,218,False
20gmzz6n,manhoodlum,252,100,False
4j0gjp82,haydennyyy,2373,276,True
3clxu,vfclists,3522,1470,False
tvl7t,brookter,41,408,False
w6uzp,kahredici,94,59,False
jwv34,ideasman_42,1149,420,False
3vvrvw1q,ckoneru,182,218,False
cpi6z95,c17g,681,576,False
qmw65,commonmansoptns,19,26,False
l4jxt7p,focusedgrowth,30,524,False
433sdre,jur_0,19,7,False
14j1re,OscilloLlama,208,487,False
4ae59,sbay,6822,6941,False
2al88q3x,vale_fallacia,4282,70599,False
4whizzt,PigsDogsAndSheep,524,1576,False
md275,ProfessorSexyTime,2804,41057,False
22cbniia,AFewSentientNeurons,1126,7869,False
5e2n1x5c,OverallOrganization6,4,0,False
1pko65xw,moseswithhisbooks,2657,402,False
2lejnt3k,Oracolus,12340,6954,False
jwv34,ideasman_42,1149,420,False
4rfgs1,stfnbms,153,31,False
p387z,RageCage64,87,128,False
qh94b,gammarray,57,141,False
lz6oh,ajgrf,807,940,False
22cbniia,AFewSentientNeurons,1126,7869,False
6b5tg,LiterallyCarlSagan,992,2998,False
mrsxp9x,pgwang,34,20,False
2jlo340j,bananitsa,262,139,False
14d432td,holisticneuropsygirl,3,11,False
684e1,122ninjas,7424,35512,False
57hw5pns,apemangr,30,19,False
22cbniia,AFewSentientNeurons,1126,7869,False
19cfetg6,justtaft,176,61,False
6l4z3,AutoModerator,28043,470216,True
3xj7454j,Desmesura,640,1585,False
omm9s,snicksn,365,78,False
fueqz,MadStranger,817,1049,False
zb00v,guguts,312,146,False
10c99j,seagle0128,933,208,False
d2mj6,oz1cz,5852,5352,False
46y58jw3,Prussner,336,21,False
3fiyykou,CloudsOfMagellan,2549,6161,False
4ae59,sbay,6822,6941,False
kn6yb,extremeaxe5,2204,673,False
2inl89ds,spekkio333,1,1,False
3vvrvw1q,ckoneru,182,218,False
14cz4w,phineas0fog,841,253,False
3kgkql01,yep808,22489,3481,False
ri2ow,MadMan001,120,179,False
13p6gig2,takethecannoli4,13078,25544,False
5q2ns,nanounanue,124,50,False
igtri,4goodapp,166,96,False
3xqifjws,ndamee,13399,409,False
3gjjtpnq,itistheblurstoftimes,293,963,False
npp5h,yubrshen,131,58,False
22cbniia,AFewSentientNeurons,1126,7869,False
k8fkw,nwrhlhsn,1,39,False
4ae59,sbay,6822,6941,False
93l65,spdcbr,540,552,False
l0d44,Drak-pa,2591,2411,False
yacj2,fengshuo211,25,108,False
3clxu,vfclists,3522,1470,False
jwv34,ideasman_42,1149,420,False
3kgkql01,yep808,22489,3481,False
13l22c,CSRaghunandan,5779,1070,False
3d69xp,ram535,68,62,False
2lejnt3k,Oracolus,12340,6954,False
kn6yb,extremeaxe5,2204,673,False
3xqifjws,ndamee,13399,409,False
10c99j,seagle0128,933,208,False
3vvrvw1q,ckoneru,182,218,False
3vvrvw1q,ckoneru,182,218,False
17paweiy,_gjm_,89,27,False
17be1v66,github-alphapapa,7916,10726,False
4agt4tsa,chrisdempewolf,139,470,False
22cbniia,AFewSentientNeurons,1126,7869,False
22cbniia,AFewSentientNeurons,1126,7869,False
ucdkq,yurikoif,1,15,False
3gjjtpnq,itistheblurstoftimes,293,963,False
y9pj5,Linupe,659,857,False
8xyym,jmite,4573,16779,False
4mhyiss2,Walid-Hammami,25,235,False
1x0s247b,techster47,83,15,False
7utb3,Mishkun,3328,257,False
hjbxg6i,derDemiurg,785,130,False
fly56,zarkone,121,240,False
5deinrri,systemhalted,329,157,False
3kgkql01,yep808,22489,3481,False
5gsazj31,csemacs,118,71,False
npp5h,yubrshen,131,58,False
vffqx,nickmartin117,229,134,False
359rm,paines,315,785,False
13jsdxox,m_ninepoints,607,5329,False
13l22c,CSRaghunandan,5779,1070,False
14cg51,casouri,739,347,False
60ju4,zamansky,4436,1115,False
njsqgl2,brainplot,1412,4562,False
4hltv3e9,Nathoufresh,60,148,False
8w5v6,ZeroPunch,119,171,False
3yy21,codygman,1376,12618,False
3clxu,vfclists,3522,1470,False
2dw7h444,nv-elisp,320,1370,False
3tn7pcdr,SidharthArya-,36,18,False
472mgzb5,aoeuiddhtns,368,60,False
10505br2,MateuszLeo,1,0,False
2htrodb8,ocelaiwo,17,1,False
1i33uip,curiousdoggo,575,180,False
4kw1nq2j,aodhneine,59,20,False
4g5josv6,hefak,71,20,False
4g5josv6,hefak,71,20,False
19cfetg6,justtaft,176,61,False
1pko65xw,moseswithhisbooks,2657,402,False
9vlow,freesteph,385,174,False
9zps,ndw,15,5,True
4ae59,sbay,6822,6941,False
vffqx,nickmartin117,229,134,False
3k1nbrcn,jack-of-some,8419,4606,False
14cz4w,phineas0fog,841,253,False
hcj69,wfdctrl,242,11258,False
19a1sqq,ypma_j,37,0,False
51lqvaze,fumpeddorado,178,417,False
4ih66csc,publicvoit,564,603,False
gv2in,justinabrahms,404,701,True
6u1p9,AureumLeonis,722,137,False
37hm3,jpdoctor,7287,25691,False
ddqfx,jumper047,283,156,False
6l4z3,AutoModerator,28043,470216,True
3kgkql01,yep808,22489,3481,False
s8dz7b3,tsar9x,53,280,False
4ivr5m1z,atamariya,135,18,False
hs38jz3,kastauyra,189,218,False
3fiyykou,CloudsOfMagellan,2549,6161,False
1vdjrejw,sweetyhoneybee,161,115,False
17paweiy,_gjm_,89,27,False
5bytdvja,vatigking,130,-11,False
gmmqi,WorldsEndless,734,329,False
1pko65xw,moseswithhisbooks,2657,402,False
32mvlkyo,SYHM6Q18JP,23,332,False
t55tw,advhound,24,3,False
4vxmm1t4,ehostunreach,432,71289,False
5ms07,amirrajan,26264,11132,True
18y322x,BrokenCrt,28,7,False
4ae59,sbay,6822,6941,False
3kgkql01,yep808,22489,3481,False