2g1g3,sigzero,2805,11311,False
2wtr8i2y,ellipticcode0,333,-9,False
594okbv0,DivNectar,49,29,False
zrbv9,liuchengxu,655,113,False
6rhhbj7,nebulaeandstars,16645,4022,False
2t2k1fqy,eliseu_videira,138,595,False
2j29u115,Hollow_5oul,8209,2382,False
h4p4qw2,BubblyMango,1413,4741,True
2wtr8i2y,ellipticcode0,333,-9,False
f82hb,Azuhmier,2,12,False
2xv45do7,Vimlearner,35,2,False
p13sr,windhowl1,2606,1675,False
3h68jeqd,rainbowsunrain,10996,1120,False
p13sr,windhowl1,2606,1675,False
sqk2xit,xwoter,33722,2573,False
kdsd2,-romainl-,2672,41856,False
ao3mg,stormypumpkin,585,18281,False
1eohzfh7,aksh2161989,709,-66,False
endg2v0,Spiffidimus,5,4,False
kdsd2,-romainl-,2672,41856,False
78b2p,AtooZ,274,1733,False
kdsd2,-romainl-,2672,41856,False
4hrhe,dixius99,1550,14064,False
yaxa,en3r0,2091,2250,False
4siep,bitigchi,2945,3622,False
2tkm34ze,Zog2,25,6,False
15iuokj5,BioluminescentTurkey,606,2242,False
3jb8vqh2,Shady980,73,208,False
mhc8j,joselitux,4094,342,False
inlamca,7sidedmarble,552,9340,False
29glsfsy,gabeclark,5920,11562,False
2n7rz6dn,ericx2x,68,-19,False
6tkwo,Cruuncher,2403,67446,False
1sp2960l,jabbermuggel,59,1149,False
1ivksb9q,infinitecoolname,386,644,False
g46ppgd,xinud190,63,102,False
4oaum,metanat,3897,3292,False
arnft,Jeehannes,167,530,False
f5gwn,nickjj_,1909,1561,False
cwxzn,pwnedary,834,13830,False
1ivksb9q,infinitecoolname,386,644,False
b1ud7,professorlamp,7505,9102,False
3t50w3yc,zaccstacc,227,44,False
99l2c,THIRSTYGNOMES,3481,5329,False
4oaum,metanat,3897,3292,False
gvcroc9,jdhao,1101,535,False
im77oz,worthyNull,4330,2033,False
5w3hdpi,Arunzeb,1551,296,False
it2ob,MrMelankoli,2010,305,False
t3hym,Alex-broadcast,14,11,False
2ozc0,mattn,681,220,False
3jb8vqh2,Shady980,73,208,False
tncv7,gwolf3,208,58,False
tncv7,gwolf3,208,58,False
grf7w,YuntiMcGunti,384,498,False
1raeckj,mrillusi0n,7548,930,False
43pmq6,omerxman,674,214,False
xziko,Cd4plus,86,2095,False
d2x1p,Aer93,72,284,False
8jqrq,puremourning,424,1366,False
4ykk02lu,LetoTheSecondth,79,57,False
920wb,BlueDrink9,508,116,False
16v10o,LeadInfusedRedPill,240,7116,False
mxb97g,akulichevskiy,118,32,False
61eq2,hamiltino,1582,1024,False
4bniniwi,kanzi00,7,0,False
1xrkcnjf,kamokoba,200,39,False
wxplo,ConVexPrime,1416,920,False
202jsaz7,dstein64,575,145,False
4ycg69rj,fuckermc,449,286,False
4ycg69rj,fuckermc,449,286,False
17273k,tldrthestoryofmylife,714,1049,False
5e82q9ft,BubkisBobby,17,21,False
yit54,RingoRangoRongo,500,225,False
2ytfa5wa,FeetlessColon,3259,3896,False
2vye4x64,gorilla0513,817,58,False
4woknppo,Akura_Mercy,41,130,False
grf7w,YuntiMcGunti,384,498,False
44g01slv,koomenk,907,407,False
5eet80m0,Karl-Levin,2,10,False
1d7x70l,Asynchronousx,9936,750,False
iy0i7,Groctel,26275,18628,True
bm8xp,BlueEzio,182,244,False
5t2o0,Goncyn,68,122,False
2ari6tpu,Mikgician,53,171,False
51cqbrcf,PsychoticBibliophile,4,2,False
56hsu0al,madmansnest,52,15,False
wfh2g,skywind3000,1170,199,False
3wojizk1,-olivier,412,76,False
2g1g3,sigzero,2805,11311,False
2wtr8i2y,ellipticcode0,333,-9,False
594okbv0,DivNectar,49,29,False
zrbv9,liuchengxu,655,113,False
6rhhbj7,nebulaeandstars,16645,4022,False
2t2k1fqy,eliseu_videira,138,595,False
2j29u115,Hollow_5oul,8209,2382,False
h4p4qw2,BubblyMango,1413,4741,True
2wtr8i2y,ellipticcode0,333,-9,False
f82hb,Azuhmier,2,12,False
2xv45do7,Vimlearner,35,2,False
p13sr,windhowl1,2606,1675,False
3h68jeqd,rainbowsunrain,10996,1120,False
p13sr,windhowl1,2606,1675,False
sqk2xit,xwoter,33722,2573,False
kdsd2,-romainl-,2672,41856,False
ao3mg,stormypumpkin,585,18281,False
1eohzfh7,aksh2161989,709,-66,False
endg2v0,Spiffidimus,5,4,False
kdsd2,-romainl-,2672,41856,False
78b2p,AtooZ,274,1733,False
kdsd2,-romainl-,2672,41856,False
4hrhe,dixius99,1550,14064,False
yaxa,en3r0,2091,2250,False
4siep,bitigchi,2945,3622,False
2tkm34ze,Zog2,25,6,False
15iuokj5,BioluminescentTurkey,606,2242,False
3jb8vqh2,Shady980,73,208,False
mhc8j,joselitux,4094,342,False
inlamca,7sidedmarble,552,9340,False
29glsfsy,gabeclark,5920,11562,False
2n7rz6dn,ericx2x,68,-19,False
6tkwo,Cruuncher,2403,67447,False
1sp2960l,jabbermuggel,59,1149,False
1ivksb9q,infinitecoolname,386,644,False
g46ppgd,xinud190,63,102,False
4oaum,metanat,3897,3292,False
arnft,Jeehannes,167,530,False
f5gwn,nickjj_,1909,1561,False
cwxzn,pwnedary,834,13830,False
1ivksb9q,infinitecoolname,386,644,False
b1ud7,professorlamp,7505,9102,False
3t50w3yc,zaccstacc,227,44,False
99l2c,THIRSTYGNOMES,3481,5329,False
4oaum,metanat,3897,3292,False
gvcroc9,jdhao,1101,535,False
im77oz,worthyNull,4330,2033,False
5w3hdpi,Arunzeb,1551,296,False
it2ob,MrMelankoli,2010,305,False
t3hym,Alex-broadcast,14,11,False
2ozc0,mattn,681,220,False
3jb8vqh2,Shady980,73,208,False
tncv7,gwolf3,208,58,False
tncv7,gwolf3,208,58,False
grf7w,YuntiMcGunti,384,498,False
1raeckj,mrillusi0n,7549,930,False
43pmq6,omerxman,674,214,False
xziko,Cd4plus,86,2095,False
d2x1p,Aer93,72,284,False
8jqrq,puremourning,424,1366,False
4ykk02lu,LetoTheSecondth,79,57,False
920wb,BlueDrink9,508,116,False
16v10o,LeadInfusedRedPill,240,7116,False
mxb97g,akulichevskiy,118,32,False
61eq2,hamiltino,1582,1024,False
4bniniwi,kanzi00,7,0,False
1xrkcnjf,kamokoba,200,39,False
wxplo,ConVexPrime,1416,920,False
202jsaz7,dstein64,575,145,False
4ycg69rj,fuckermc,449,286,False
4ycg69rj,fuckermc,449,286,False
17273k,tldrthestoryofmylife,714,1049,False
5e82q9ft,BubkisBobby,17,21,False
yit54,RingoRangoRongo,500,225,False
2ytfa5wa,FeetlessColon,3259,3896,False
2vye4x64,gorilla0513,817,58,False
4woknppo,Akura_Mercy,41,130,False
grf7w,YuntiMcGunti,384,498,False
44g01slv,koomenk,907,407,False
5eet80m0,Karl-Levin,2,10,False
1d7x70l,Asynchronousx,9936,750,False
iy0i7,Groctel,26275,18628,True
bm8xp,BlueEzio,182,244,False
5t2o0,Goncyn,68,122,False
2ari6tpu,Mikgician,53,171,False
51cqbrcf,PsychoticBibliophile,4,2,False
56hsu0al,madmansnest,52,15,False
wfh2g,skywind3000,1170,199,False
3wojizk1,-olivier,412,76,False
10h9hn,hgiesel,1338,743,False
3jb8vqh2,Shady980,73,208,False
wkoxw,anyfactor,29196,15562,False
e6n0svp,asheq100,991,986,False
peqpz,jrock2004,1393,1580,False
17273k,tldrthestoryofmylife,714,1049,False
37ajbiwn,_suspicious_alpaca,92,358,False
eovan,fuzzymidget,2461,44822,False
1iokoa4y,hey_its_tom,24530,3415,False
3t9hs7k2,lostinkeyboards,35,13,False
31en8j7w,sainnhe,1783,339,False
a6t6h,MoronInGrey,3282,5750,False
6qoow,aleator,68,605,False
1ksf7dng,RabbitJazz,84,62,False
entre,Forumpy,782,273,False
28x1cuvv,dustinandband,7,1,False
gvcroc9,jdhao,1101,535,False
10bjrr,twistsilver,65,2012,False
65xuw,Lost4468,65531,188299,True
z6sic,OH_GOD_ITS_HIM,388,4352,False
eovan,fuzzymidget,2461,44822,False
202jsaz7,dstein64,575,145,False
r4el5,RandCoder2,639,552,False
n4btf,ivster666,3810,11906,False
1raeckj,mrillusi0n,7549,930,False
dgxe6,nazuko786,92,107,False
59yu2zr1,RalphOctober,1,12,False
4ycg69rj,fuckermc,449,286,False
odd9hst,iocentos,2,1,False
47m7y,sharat87,1034,174,False
6p9ut0,uRTLy,16,45,False
140yv8,RudeGuy2000,464,434,False
5cue6n87,NotEveryExpectation,20,690,False
h53t9,PaperCupsAhoy,94,273,False
1jmresv0,igeleis,185,156,False
ilbwt,mementomoriok,10597,1848,False
ilbwt,mementomoriok,10597,1848,False
ilbwt,mementomoriok,10597,1848,False
11ip0l,MrRichBOB,1731,7052,False
ilbwt,mementomoriok,10597,1848,False
6rhhbj7,nebulaeandstars,16645,4022,False
ilbwt,mementomoriok,10597,1848,False
ilbwt,mementomoriok,10597,1848,False
ilbwt,mementomoriok,10597,1848,False
3h3zgqq3,ihateoldmovies,307,85,False
ilbwt,mementomoriok,10597,1848,False
ilbwt,mementomoriok,10597,1848,False
1g95qfzk,segdirbnab,19,39,False
xswprp9,LinuxDing,3,6,False
k1thh,CMDRStephano,267,387,False
jv4edou,phantaso0s,4220,685,False
ilbwt,mementomoriok,10597,1848,False
ahjt5,bilvy,474,876,False
ilbwt,mementomoriok,10597,1848,False
ilbwt,mementomoriok,10597,1848,False
5w3hdpi,Arunzeb,1551,296,False
2yzdcuy0,rogchap,743,629,False
deksiud,spicytackos,465,49,False
3rsva12x,baduCleo,385,380,False
ys8uad,yorch_s3,1,0,False
10q0hq,ErranusCaminhus,110,151,False
ty3lr,grep_Name,308,1535,False
58jvxm3j,easybakeoven64,10,9,False
1eohzfh7,aksh2161989,709,-66,False
tq3f5,FromTheWildSide,81,1316,False
4tvrs,Dr_Malcolm,1,6828,False
ilbwt,mementomoriok,10597,1848,False
ilbwt,mementomoriok,10597,1848,False
ilbwt,mementomoriok,10597,1848,False
ilbwt,mementomoriok,10597,1848,False
j0tvo,chaign_c,1004,23,False
ilbwt,mementomoriok,10597,1848,False
8pjw9,PacoVelobs,31075,2240,False
wkoxw,anyfactor,29196,15562,False
5d2xdsq,nicol4s_c,255,47,False
584t9q3u,neonZorin,23,15,False
1vczhonx,eva_kuator,1391,672,False
n60ih,BubblegumTitanium,550,19849,False
nffka,punctualjohn,623,9033,False
16ztmc,chillysurfer,6852,6015,False
ptl3un7,Alby407,71,84,False
ilbwt,mementomoriok,10597,1848,False
nhsu8,Atemu12,6660,106384,False
14pxkb86,BlockEncryptor,181,197,False
r1qw4,yaddyadd,14395,21979,False
r1qw4,yaddyadd,14395,21979,False
2g1g3,sigzero,2805,11311,False
12ywnvl,linarcx,1143,232,False
ilbwt,mementomoriok,10597,1848,False
153oa2,MedMAghraoui,377,122,False
wkoxw,anyfactor,29196,15562,False
4oaum,metanat,3897,3292,False
2g1g3,sigzero,2805,11311,False
2wtr8i2y,ellipticcode0,333,-9,False
594okbv0,DivNectar,49,29,False
zrbv9,liuchengxu,655,113,False
6rhhbj7,nebulaeandstars,16645,4022,False
2t2k1fqy,eliseu_videira,138,595,False
2j29u115,Hollow_5oul,8209,2382,False
h4p4qw2,BubblyMango,1413,4741,True
2wtr8i2y,ellipticcode0,333,-9,False
f82hb,Azuhmier,2,12,False
2xv45do7,Vimlearner,35,2,False
p13sr,windhowl1,2606,1675,False
3h68jeqd,rainbowsunrain,10996,1120,False
p13sr,windhowl1,2606,1675,False
sqk2xit,xwoter,33722,2573,False
kdsd2,-romainl-,2672,41856,False
ao3mg,stormypumpkin,585,18281,False
1eohzfh7,aksh2161989,709,-66,False
endg2v0,Spiffidimus,5,4,False
kdsd2,-romainl-,2672,41856,False
78b2p,AtooZ,274,1733,False
kdsd2,-romainl-,2672,41856,False
4hrhe,dixius99,1550,14064,False
yaxa,en3r0,2091,2250,False
4siep,bitigchi,2945,3622,False
2tkm34ze,Zog2,25,6,False
15iuokj5,BioluminescentTurkey,606,2242,False
3jb8vqh2,Shady980,73,208,False
mhc8j,joselitux,4094,342,False
inlamca,7sidedmarble,552,9340,False
29glsfsy,gabeclark,5920,11562,False
2n7rz6dn,ericx2x,68,-19,False
6tkwo,Cruuncher,2403,67447,False
1sp2960l,jabbermuggel,59,1149,False
1ivksb9q,infinitecoolname,386,644,False
g46ppgd,xinud190,63,102,False
4oaum,metanat,3897,3292,False
arnft,Jeehannes,167,530,False
f5gwn,nickjj_,1909,1561,False
cwxzn,pwnedary,834,13830,False
1ivksb9q,infinitecoolname,386,644,False
b1ud7,professorlamp,7505,9102,False
3t50w3yc,zaccstacc,227,44,False
99l2c,THIRSTYGNOMES,3481,5329,False
4oaum,metanat,3897,3292,False
gvcroc9,jdhao,1101,535,False
im77oz,worthyNull,4330,2033,False
5w3hdpi,Arunzeb,1551,296,False
it2ob,MrMelankoli,2010,305,False
t3hym,Alex-broadcast,14,11,False
2ozc0,mattn,681,220,False
3jb8vqh2,Shady980,73,208,False
tncv7,gwolf3,208,58,False
tncv7,gwolf3,208,58,False
grf7w,YuntiMcGunti,384,498,False
1raeckj,mrillusi0n,7549,930,False
43pmq6,omerxman,674,214,False
xziko,Cd4plus,86,2095,False
d2x1p,Aer93,72,284,False
8jqrq,puremourning,424,1366,False
4ykk02lu,LetoTheSecondth,79,57,False
920wb,BlueDrink9,508,116,False
16v10o,LeadInfusedRedPill,240,7116,False
mxb97g,akulichevskiy,118,32,False
61eq2,hamiltino,1582,1024,False
4bniniwi,kanzi00,7,0,False
1xrkcnjf,kamokoba,200,39,False
wxplo,ConVexPrime,1416,920,False
202jsaz7,dstein64,575,145,False
4ycg69rj,fuckermc,449,286,False
4ycg69rj,fuckermc,449,286,False
17273k,tldrthestoryofmylife,714,1049,False
5e82q9ft,BubkisBobby,17,21,False
yit54,RingoRangoRongo,500,225,False
2ytfa5wa,FeetlessColon,3259,3896,False
2vye4x64,gorilla0513,817,58,False
4woknppo,Akura_Mercy,41,130,False
grf7w,YuntiMcGunti,384,498,False
44g01slv,koomenk,907,407,False
5eet80m0,Karl-Levin,2,10,False
1d7x70l,Asynchronousx,9936,750,False
iy0i7,Groctel,26275,18628,True
bm8xp,BlueEzio,182,244,False
5t2o0,Goncyn,68,122,False
2ari6tpu,Mikgician,53,171,False
51cqbrcf,PsychoticBibliophile,4,2,False
56hsu0al,madmansnest,52,15,False
wfh2g,skywind3000,1170,199,False
3wojizk1,-olivier,412,76,False
10h9hn,hgiesel,1338,743,False
3jb8vqh2,Shady980,73,208,False
wkoxw,anyfactor,29196,15562,False
e6n0svp,asheq100,991,986,False
peqpz,jrock2004,1393,1580,False
17273k,tldrthestoryofmylife,714,1049,False
37ajbiwn,_suspicious_alpaca,92,358,False
eovan,fuzzymidget,2461,44822,False
1iokoa4y,hey_its_tom,24530,3415,False
3t9hs7k2,lostinkeyboards,35,13,False
31en8j7w,sainnhe,1783,339,False
a6t6h,MoronInGrey,3282,5750,False
6qoow,aleator,68,605,False
1ksf7dng,RabbitJazz,84,62,False
entre,Forumpy,782,273,False
28x1cuvv,dustinandband,7,1,False
gvcroc9,jdhao,1101,535,False
10bjrr,twistsilver,65,2012,False
65xuw,Lost4468,65531,188306,True
z6sic,OH_GOD_ITS_HIM,388,4352,False
eovan,fuzzymidget,2461,44822,False
202jsaz7,dstein64,575,145,False
r4el5,RandCoder2,639,552,False
n4btf,ivster666,3810,11906,False
1raeckj,mrillusi0n,7549,930,False
dgxe6,nazuko786,92,107,False
59yu2zr1,RalphOctober,1,12,False
4ycg69rj,fuckermc,449,286,False
odd9hst,iocentos,2,1,False
47m7y,sharat87,1034,174,False
6p9ut0,uRTLy,16,45,False
140yv8,RudeGuy2000,464,434,False
5cue6n87,NotEveryExpectation,20,690,False
h53t9,PaperCupsAhoy,94,273,False
1jmresv0,igeleis,185,156,False
ilbwt,mementomoriok,10597,1848,False
ilbwt,mementomoriok,10597,1848,False
ilbwt,mementomoriok,10597,1848,False
11ip0l,MrRichBOB,1731,7052,False
ilbwt,mementomoriok,10597,1848,False
6rhhbj7,nebulaeandstars,16645,4022,False
ilbwt,mementomoriok,10597,1848,False
ilbwt,mementomoriok,10597,1848,False
ilbwt,mementomoriok,10597,1848,False
3h3zgqq3,ihateoldmovies,307,85,False
ilbwt,mementomoriok,10597,1848,False
ilbwt,mementomoriok,10597,1848,False
1g95qfzk,segdirbnab,19,39,False
xswprp9,LinuxDing,3,6,False
k1thh,CMDRStephano,267,387,False
jv4edou,phantaso0s,4220,685,False
ilbwt,mementomoriok,10597,1848,False
ahjt5,bilvy,474,876,False
ilbwt,mementomoriok,10597,1848,False
ilbwt,mementomoriok,10597,1848,False
5w3hdpi,Arunzeb,1551,296,False
2yzdcuy0,rogchap,743,629,False
deksiud,spicytackos,465,49,False
3rsva12x,baduCleo,385,380,False
ys8uad,yorch_s3,1,0,False
10q0hq,ErranusCaminhus,110,151,False
ty3lr,grep_Name,308,1535,False
58jvxm3j,easybakeoven64,10,9,False
1eohzfh7,aksh2161989,709,-66,False
tq3f5,FromTheWildSide,81,1316,False
4tvrs,Dr_Malcolm,1,6828,False
ilbwt,mementomoriok,10597,1848,False
ilbwt,mementomoriok,10597,1848,False
ilbwt,mementomoriok,10597,1848,False
ilbwt,mementomoriok,10597,1848,False
j0tvo,chaign_c,1004,23,False
ilbwt,mementomoriok,10597,1848,False
8pjw9,PacoVelobs,31075,2240,False
wkoxw,anyfactor,29196,15562,False
5d2xdsq,nicol4s_c,255,47,False
584t9q3u,neonZorin,23,15,False
1vczhonx,eva_kuator,1391,672,False
n60ih,BubblegumTitanium,550,19849,False
nffka,punctualjohn,623,9033,False
16ztmc,chillysurfer,6852,6015,False
ptl3un7,Alby407,71,84,False
ilbwt,mementomoriok,10597,1848,False
nhsu8,Atemu12,6660,106384,False
14pxkb86,BlockEncryptor,181,197,False
r1qw4,yaddyadd,14395,21979,False
r1qw4,yaddyadd,14395,21979,False
2g1g3,sigzero,2805,11311,False
12ywnvl,linarcx,1143,232,False
ilbwt,mementomoriok,10597,1848,False
153oa2,MedMAghraoui,377,122,False
wkoxw,anyfactor,29196,15562,False
4oaum,metanat,3897,3292,False
17273k,tldrthestoryofmylife,714,1049,False
ilbwt,mementomoriok,10597,1848,False
ilbwt,mementomoriok,10597,1848,False
nyj26,ehkropf,13,61,False
n60ih,BubblegumTitanium,550,19849,False
o5lsr,el_zdo,607,401,False
4g7bk3d3,its_just_shane,1592,1314,False
qwmjhyk,timhae,3,10,False
15ikd3,DrEtherWeb,5,106,False
4g7bk3d3,its_just_shane,1592,1314,False
4pmrm67e,CheatMaple,2790,9843,False
5g2nrfsu,patrickshox,177,22,False
sxfgplh,whizzythorne,14100,20222,False
lygkah9,volta_seca,2,22,False
3zrhzmc9,mgarort,12175,1317,False
gcejg,gntsketches,1893,475,False
wfh2g,skywind3000,1170,199,False
jr965i9,europe-fire,1788,2175,False
11lw7o,Proximyst,1652,1707,False
6rhhbj7,nebulaeandstars,16645,4022,False
5w3hdpi,Arunzeb,1551,296,False
1vczhonx,eva_kuator,1391,672,False
r3o1g,krtcl,232,273,False
4yntg799,SlutForSonsCock,41,731,False
ozhaixl,blaufusstoelpel,39,95,False
17gtum,Lucifer_in_Disguise,736,63,False
5b2ri8la,adamijak,13,170,False
ca8jg,RiceKrispyPooHead,14904,52837,False
44oe1d7r,0x00001111,7,3,False
e1v3gkm,hannenz,115,216,False
e1v3gkm,hannenz,115,216,False
ofwfv,danielo515,1211,513,False
41may,UpOnCloud9,1507,3792,False
15h0209f,DangerousFart,21161,26586,False
wfh2g,skywind3000,1170,199,False
xjnymdd,bozymandias,11474,9178,False
57t3n9fq,GPhykos,17865,4832,False
38jgu0gf,bWF0a3Vr,2461,10249,False
2lejnt3k,Oracolus,12340,6954,False
m2i5vub,seomisS,625,134,False
179oem,Hardcore_Cytrynka,110,271,False
d8aj0,fenjacobs,3132,1592,False
2bridad9,SiliconRaven,60221,2402,False
16nvbp,yokisuci,86,777,False
228g46lb,schrdingers_squirrel,689,3023,False
8sk85,justrajdeep,1247,322,False
45tzz,machone,175,10214,False
47ledrng,humanmetric,386,37,False
n60ih,BubblegumTitanium,550,19849,False
15wv9j,FenryrMKIII,106,46,False
46c08fwh,oponkork,38,33,False
12ywnvl,linarcx,1143,232,False
44de5zyr,vanuan,71,0,False
3dblrm6k,BearyGoosey,495,2663,False
482zj3an,hjkldot,8,0,False
xiqrk,tassulin,1100,1588,False
12ywnvl,linarcx,1143,232,False
py4fi,anonymous_1971,20,169,False
4yntg799,SlutForSonsCock,41,731,False
1dmvetii,badari259,177,101,False
7ugvr,tvetus,115,552,False
b1ud7,professorlamp,7505,9102,False
xyz6e,Iazel,38,78,False
4b8npdpu,mectos_,63,10,False
5idrbce5,randomtechgirl,1,0,False
12egx19r,gropethegoat,1854,1707,False
1raeckj,mrillusi0n,7549,930,False
gvubojg,eskewet,21879,8641,False
ty3lr,grep_Name,308,1535,False
1raeckj,mrillusi0n,7549,930,False
546ohrqf,diovanii,3,2,False
pmepl,HogliMogli,9,28,False
4usczzke,kiwisniper69,1024,267,False
e2i2n,coloradocolby,156,0,False
2nkh02ap,OldManOfTheMountain-,165,8,False
57eqyp60,CC7EkdzD,6,5,False
n60ih,BubblegumTitanium,550,19849,False
57kgon6s,InfiTualEr,1916,1686,False
57kgon6s,InfiTualEr,1916,1686,False
5eovtzhl,darktherapee,1,0,False
4b0mttq8,anihm136,14,139,False
hgg60,bio-sync,1236,1076,False
pnrxx,stephane_rolland,90,2883,False
4g7bk3d3,its_just_shane,1592,1314,False
1nojrqwq,tycholiz,231,37,False
r7f0n,southcongresser,5900,161,False
jsa1dry,drafted_,5273,2015,False
2wtl306t,pi_equals_3_equals_e,18,0,False
4v0aey1z,69shaolin69,10434,13322,False
2g1g3,sigzero,2805,11311,False
2wtr8i2y,ellipticcode0,333,-9,False
594okbv0,DivNectar,49,29,False
zrbv9,liuchengxu,655,113,False
6rhhbj7,nebulaeandstars,16645,4022,False
2t2k1fqy,eliseu_videira,138,595,False
2j29u115,Hollow_5oul,8209,2382,False
h4p4qw2,BubblyMango,1413,4741,True
2wtr8i2y,ellipticcode0,333,-9,False
f82hb,Azuhmier,2,12,False
2xv45do7,Vimlearner,35,2,False
p13sr,windhowl1,2606,1675,False
3h68jeqd,rainbowsunrain,10996,1120,False
p13sr,windhowl1,2606,1675,False
sqk2xit,xwoter,33722,2573,False
kdsd2,-romainl-,2672,41856,False
ao3mg,stormypumpkin,585,18281,False
1eohzfh7,aksh2161989,709,-66,False
endg2v0,Spiffidimus,5,4,False
kdsd2,-romainl-,2672,41856,False
78b2p,AtooZ,274,1733,False
kdsd2,-romainl-,2672,41856,False
4hrhe,dixius99,1550,14064,False
yaxa,en3r0,2091,2250,False
4siep,bitigchi,2945,3622,False
2tkm34ze,Zog2,25,6,False
15iuokj5,BioluminescentTurkey,606,2242,False
3jb8vqh2,Shady980,73,208,False
mhc8j,joselitux,4094,342,False
inlamca,7sidedmarble,552,9340,False
29glsfsy,gabeclark,5920,11562,False
2n7rz6dn,ericx2x,68,-19,False
6tkwo,Cruuncher,2403,67447,False
1sp2960l,jabbermuggel,59,1149,False
1ivksb9q,infinitecoolname,386,644,False
g46ppgd,xinud190,63,102,False
4oaum,metanat,3897,3292,False
arnft,Jeehannes,167,530,False
f5gwn,nickjj_,1909,1561,False
cwxzn,pwnedary,834,13830,False
1ivksb9q,infinitecoolname,386,644,False
b1ud7,professorlamp,7505,9102,False
3t50w3yc,zaccstacc,227,44,False
99l2c,THIRSTYGNOMES,3481,5329,False
4oaum,metanat,3897,3292,False
gvcroc9,jdhao,1101,535,False
im77oz,worthyNull,4330,2033,False
5w3hdpi,Arunzeb,1551,296,False
it2ob,MrMelankoli,2010,305,False
t3hym,Alex-broadcast,14,11,False
2ozc0,mattn,681,220,False
3jb8vqh2,Shady980,73,208,False
tncv7,gwolf3,208,58,False
tncv7,gwolf3,208,58,False
grf7w,YuntiMcGunti,384,498,False
1raeckj,mrillusi0n,7549,930,False
43pmq6,omerxman,674,214,False
xziko,Cd4plus,86,2095,False
d2x1p,Aer93,72,284,False
8jqrq,puremourning,424,1366,False
4ykk02lu,LetoTheSecondth,79,57,False
920wb,BlueDrink9,508,116,False
16v10o,LeadInfusedRedPill,240,7116,False
mxb97g,akulichevskiy,118,32,False
61eq2,hamiltino,1582,1024,False
4bniniwi,kanzi00,7,0,False
1xrkcnjf,kamokoba,200,39,False
wxplo,ConVexPrime,1416,920,False
202jsaz7,dstein64,575,145,False
4ycg69rj,fuckermc,449,286,False
4ycg69rj,fuckermc,449,286,False
17273k,tldrthestoryofmylife,714,1049,False
5e82q9ft,BubkisBobby,17,21,False
yit54,RingoRangoRongo,500,225,False
2ytfa5wa,FeetlessColon,3259,3896,False
2vye4x64,gorilla0513,817,58,False
4woknppo,Akura_Mercy,41,130,False
grf7w,YuntiMcGunti,384,498,False
44g01slv,koomenk,907,407,False
5eet80m0,Karl-Levin,2,10,False
1d7x70l,Asynchronousx,9936,750,False
iy0i7,Groctel,26275,18628,True
bm8xp,BlueEzio,182,244,False
5t2o0,Goncyn,68,122,False
2ari6tpu,Mikgician,53,171,False
51cqbrcf,PsychoticBibliophile,4,2,False
56hsu0al,madmansnest,52,15,False
wfh2g,skywind3000,1170,199,False
3wojizk1,-olivier,412,76,False
10h9hn,hgiesel,1338,743,False
3jb8vqh2,Shady980,73,208,False
wkoxw,anyfactor,29196,15562,False
e6n0svp,asheq100,991,986,False
peqpz,jrock2004,1393,1580,False
17273k,tldrthestoryofmylife,714,1049,False
37ajbiwn,_suspicious_alpaca,92,358,False
eovan,fuzzymidget,2461,44822,False
1iokoa4y,hey_its_tom,24530,3415,False
3t9hs7k2,lostinkeyboards,35,13,False
31en8j7w,sainnhe,1783,339,False
a6t6h,MoronInGrey,3282,5750,False
6qoow,aleator,68,605,False
1ksf7dng,RabbitJazz,84,62,False
entre,Forumpy,782,273,False
28x1cuvv,dustinandband,7,1,False
gvcroc9,jdhao,1101,535,False
10bjrr,twistsilver,65,2012,False
65xuw,Lost4468,65531,188311,True
z6sic,OH_GOD_ITS_HIM,388,4352,False
eovan,fuzzymidget,2461,44822,False
202jsaz7,dstein64,575,145,False
r4el5,RandCoder2,639,552,False
n4btf,ivster666,3810,11906,False
1raeckj,mrillusi0n,7549,930,False
dgxe6,nazuko786,92,107,False
59yu2zr1,RalphOctober,1,12,False
4ycg69rj,fuckermc,449,286,False
odd9hst,iocentos,2,1,False
47m7y,sharat87,1034,174,False
6p9ut0,uRTLy,16,45,False
140yv8,RudeGuy2000,464,434,False
5cue6n87,NotEveryExpectation,20,690,False
h53t9,PaperCupsAhoy,94,273,False
1jmresv0,igeleis,185,156,False
ilbwt,mementomoriok,10597,1848,False
ilbwt,mementomoriok,10597,1848,False
ilbwt,mementomoriok,10597,1848,False
11ip0l,MrRichBOB,1731,7051,False
ilbwt,mementomoriok,10597,1848,False
6rhhbj7,nebulaeandstars,16645,4022,False
ilbwt,mementomoriok,10597,1848,False
ilbwt,mementomoriok,10597,1848,False
ilbwt,mementomoriok,10597,1848,False
3h3zgqq3,ihateoldmovies,307,85,False
ilbwt,mementomoriok,10597,1848,False
ilbwt,mementomoriok,10597,1848,False
1g95qfzk,segdirbnab,19,39,False
xswprp9,LinuxDing,3,6,False
k1thh,CMDRStephano,267,387,False
jv4edou,phantaso0s,4220,685,False
ilbwt,mementomoriok,10597,1848,False
ahjt5,bilvy,474,876,False
ilbwt,mementomoriok,10597,1848,False
ilbwt,mementomoriok,10597,1848,False
5w3hdpi,Arunzeb,1551,296,False
2yzdcuy0,rogchap,743,629,False
deksiud,spicytackos,465,49,False
3rsva12x,baduCleo,385,380,False
ys8uad,yorch_s3,1,0,False
10q0hq,ErranusCaminhus,110,151,False
ty3lr,grep_Name,308,1535,False
58jvxm3j,easybakeoven64,10,9,False
1eohzfh7,aksh2161989,709,-66,False
tq3f5,FromTheWildSide,81,1316,False
4tvrs,Dr_Malcolm,1,6828,False
ilbwt,mementomoriok,10597,1848,False
ilbwt,mementomoriok,10597,1848,False
ilbwt,mementomoriok,10597,1848,False
ilbwt,mementomoriok,10597,1848,False
j0tvo,chaign_c,1004,23,False
ilbwt,mementomoriok,10597,1848,False
8pjw9,PacoVelobs,31075,2240,False
wkoxw,anyfactor,29196,15562,False
5d2xdsq,nicol4s_c,255,47,False
584t9q3u,neonZorin,23,15,False
1vczhonx,eva_kuator,1391,672,False
n60ih,BubblegumTitanium,550,19849,False
nffka,punctualjohn,623,9033,False
16ztmc,chillysurfer,6852,6015,False
ptl3un7,Alby407,71,84,False
ilbwt,mementomoriok,10597,1848,False
nhsu8,Atemu12,6660,106384,False
14pxkb86,BlockEncryptor,181,197,False
r1qw4,yaddyadd,14395,21979,False
r1qw4,yaddyadd,14395,21979,False
2g1g3,sigzero,2805,11311,False
12ywnvl,linarcx,1143,232,False
ilbwt,mementomoriok,10597,1848,False
153oa2,MedMAghraoui,377,122,False
wkoxw,anyfactor,29196,15562,False
4oaum,metanat,3897,3292,False
17273k,tldrthestoryofmylife,714,1049,False
ilbwt,mementomoriok,10597,1848,False
ilbwt,mementomoriok,10597,1848,False
nyj26,ehkropf,13,61,False
n60ih,BubblegumTitanium,550,19849,False
o5lsr,el_zdo,607,401,False
4g7bk3d3,its_just_shane,1592,1314,False
qwmjhyk,timhae,3,10,False
15ikd3,DrEtherWeb,5,106,False
4g7bk3d3,its_just_shane,1592,1314,False
4pmrm67e,CheatMaple,2790,9843,False
5g2nrfsu,patrickshox,177,22,False
sxfgplh,whizzythorne,14100,20222,False
lygkah9,volta_seca,2,22,False
3zrhzmc9,mgarort,12175,1317,False
gcejg,gntsketches,1893,475,False
wfh2g,skywind3000,1170,199,False
jr965i9,europe-fire,1788,2175,False
11lw7o,Proximyst,1652,1707,False
6rhhbj7,nebulaeandstars,16645,4022,False
5w3hdpi,Arunzeb,1551,296,False
1vczhonx,eva_kuator,1391,672,False
r3o1g,krtcl,232,273,False
4yntg799,SlutForSonsCock,41,731,False
ozhaixl,blaufusstoelpel,39,95,False
17gtum,Lucifer_in_Disguise,736,63,False
5b2ri8la,adamijak,13,170,False
ca8jg,RiceKrispyPooHead,14904,52837,False
44oe1d7r,0x00001111,7,3,False
e1v3gkm,hannenz,115,216,False
e1v3gkm,hannenz,115,216,False
ofwfv,danielo515,1211,513,False
41may,UpOnCloud9,1507,3792,False
15h0209f,DangerousFart,21161,26586,False
wfh2g,skywind3000,1170,199,False
xjnymdd,bozymandias,11474,9178,False
57t3n9fq,GPhykos,17865,4832,False
38jgu0gf,bWF0a3Vr,2461,10250,False
2lejnt3k,Oracolus,12340,6954,False
m2i5vub,seomisS,625,134,False
179oem,Hardcore_Cytrynka,110,271,False
d8aj0,fenjacobs,3132,1592,False
2bridad9,SiliconRaven,60221,2402,False
16nvbp,yokisuci,86,777,False
228g46lb,schrdingers_squirrel,689,3023,False
8sk85,justrajdeep,1247,322,False
45tzz,machone,175,10214,False
47ledrng,humanmetric,386,37,False
n60ih,BubblegumTitanium,550,19849,False
15wv9j,FenryrMKIII,106,46,False
46c08fwh,oponkork,38,33,False
12ywnvl,linarcx,1143,232,False
44de5zyr,vanuan,71,0,False
3dblrm6k,BearyGoosey,495,2663,False
482zj3an,hjkldot,8,0,False
xiqrk,tassulin,1100,1588,False
12ywnvl,linarcx,1143,232,False
py4fi,anonymous_1971,20,169,False
4yntg799,SlutForSonsCock,41,731,False
1dmvetii,badari259,177,101,False
7ugvr,tvetus,115,552,False
b1ud7,professorlamp,7505,9102,False
xyz6e,Iazel,38,78,False
4b8npdpu,mectos_,63,10,False
5idrbce5,randomtechgirl,1,0,False
12egx19r,gropethegoat,1854,1707,False
1raeckj,mrillusi0n,7549,930,False
gvubojg,eskewet,21879,8641,False
ty3lr,grep_Name,308,1535,False
1raeckj,mrillusi0n,7549,930,False
546ohrqf,diovanii,3,2,False
pmepl,HogliMogli,9,28,False
4usczzke,kiwisniper69,1024,267,False
e2i2n,coloradocolby,156,0,False
2nkh02ap,OldManOfTheMountain-,165,8,False
57eqyp60,CC7EkdzD,6,5,False
n60ih,BubblegumTitanium,550,19849,False
57kgon6s,InfiTualEr,1916,1686,False
57kgon6s,InfiTualEr,1916,1686,False
5eovtzhl,darktherapee,1,0,False
4b0mttq8,anihm136,14,139,False
hgg60,bio-sync,1236,1076,False
pnrxx,stephane_rolland,90,2883,False
4g7bk3d3,its_just_shane,1592,1314,False
1nojrqwq,tycholiz,231,37,False
r7f0n,southcongresser,5900,161,False
jsa1dry,drafted_,5273,2015,False
2wtl306t,pi_equals_3_equals_e,18,0,False
4v0aey1z,69shaolin69,10434,13322,False
1vczhonx,eva_kuator,1391,672,False
1vczhonx,eva_kuator,1391,672,False
554rgy1r,jamJam20,802,476,False
37hr27kf,4osf4,8,1,False
1e74u1jv,hisacro,1898,1671,False
10mhoh,turbolag95,2810,8213,False
3nfah,redredditor,2305,4869,False
17gtum,Lucifer_in_Disguise,736,63,False
1vczhonx,eva_kuator,1391,672,False
3h0n5pmx,ibite-books,1521,14992,False
3xvdwpf2,ValGriff,12129,1389,False
1vczhonx,eva_kuator,1391,672,False
m132m,rabuli,115,18,False
5i2rt,n8henrie,809,1043,False
jr5wq,solyarisoftware,6,0,False
20gh5qub,PetrichorMemories,5793,1932,False
4a7uhc57,tugurio,168,6,False
43iwq,welle,13850,1808,False
5bmfk1su,UrkelQEinstein,101,7,False
xxivo,Androuil,130,97,False
pe3an,ghostinzshell,105,430,False
1w2i8ge6,gs1293_work,3,384,False
1349qc,maksimyugai,147,21,False
2iyo2lbb,PikPakZaMene,7502,2059,False
4v0aey1z,69shaolin69,10434,13322,False
yny4z,MarquizeDeGeeze,35,29,False
5d48buot,recursiveAutoTasking,1,1,False
3q1hs,lowpass,3512,24133,False
202jsaz7,dstein64,575,145,False
26mabc9w,maga_ot_oz,506,192,False
1f7u5617,0x113,10993,378,False
303nf8u0,Reasintper,170,189,False
tmgwq,wsdjeg,4350,383,False
5gjug7oz,Formal-Island,6,0,False
382887jg,khadegd,315,72,False
naptx,brisvag,5268,1398,False
5jqxcra5,AjayVignesh,1,1,False
1po1g8g1,dynamic_caste,9,9164,True
2cvrfod1,ChrisBreederveld,6,15759,False
1vczhonx,eva_kuator,1391,672,False
12ywnvl,linarcx,1143,232,False
zss91,cp1122,387,1548,False
e6n0svp,asheq100,991,986,False
54rddxzs,thrallsius,1072,4123,False
zrbv9,liuchengxu,655,113,False
3yyzwwrb,JohnHuffam,2297,2732,False
1nm2et82,sheepshapesoap,4502,4241,False
55151mee,tjfloatingpoint,69,19,False
3kti2,esbenab,4296,14584,False
mqqpcdf,njkevlani,214,953,False
8r5v2,tmax8908,127,8862,False
27r8se6d,emera_,17,0,False
8vl8a,chillaxtv,2886,2325,False
2dmh1fg6,kasikciozan,591,152,False
108oj6,LorenWard,1438,22125,False
1k8fgx2,ThatsSlick,25,119,False
tgjfrtc,madcodez,5032,2063,False
xooj3,crizzy_mcawesome,4743,2180,False
12sntm,animehunter123,20,10,False
4oaum,metanat,3897,3292,False
1xrkcnjf,kamokoba,200,39,False
y0sin,-manu-,543,312,False
jmrmh,colonelcapitalism,7751,9366,False
1eohzfh7,aksh2161989,709,-66,False
1vczhonx,eva_kuator,1391,672,False
17gtum,Lucifer_in_Disguise,736,63,False
wqo4q,AstraRotlicht22,947,4621,False
12ynnh,db443,1842,835,False
2nkh02ap,OldManOfTheMountain-,165,8,False
rh1ws,questioner45,824,1923,False
1vczhonx,eva_kuator,1391,672,False
3iastawt,tripurari001,757,38,False
3iastawt,tripurari001,757,38,False
ofwfv,danielo515,1211,513,False
2k93zr1f,CommanderKelso,3211,576,False
546ohrqf,diovanii,3,2,False
a6mb1,JerseyMilker,1391,1328,False
57wfhgce,jrop2,215,1243,False
wqo4q,AstraRotlicht22,947,4621,False
1raeckj,mrillusi0n,7550,930,False
113p04,sangohandbz,2,22,False
3ecci,agclx,138,640,False
546ohrqf,diovanii,3,2,False
3h0565e7,Gositi,2015,7223,False
4yc6sl9i,Dyspnoic9219,16,6,False
16lgo8x,HiPhish,741,603,False
s647y,tterranigma,913,682,False
4b8npdpu,mectos_,63,10,False
53nphcux,vimisepic,39,0,False
8qo0r,SLesslyTall,1283,214,False
4b8npdpu,mectos_,63,10,False
dycda,CoolioDood,24055,10592,False
91wwk,kace91,5620,122382,False
lhgim,nemanjan00,3491,1660,False
me9dj,notabhijeet,1142,331,False
2g1g3,sigzero,2805,11311,False
2wtr8i2y,ellipticcode0,333,-9,False
594okbv0,DivNectar,49,29,False
zrbv9,liuchengxu,655,113,False
6rhhbj7,nebulaeandstars,16645,4022,False
2t2k1fqy,eliseu_videira,138,595,False
2j29u115,Hollow_5oul,8209,2382,False
h4p4qw2,BubblyMango,1413,4741,True
2wtr8i2y,ellipticcode0,333,-9,False
f82hb,Azuhmier,2,12,False
2xv45do7,Vimlearner,35,2,False
p13sr,windhowl1,2606,1675,False
3h68jeqd,rainbowsunrain,10996,1120,False
p13sr,windhowl1,2606,1675,False
sqk2xit,xwoter,33722,2573,False
kdsd2,-romainl-,2672,41856,False
ao3mg,stormypumpkin,585,18281,False
1eohzfh7,aksh2161989,709,-66,False
endg2v0,Spiffidimus,5,4,False
kdsd2,-romainl-,2672,41856,False
78b2p,AtooZ,274,1733,False
kdsd2,-romainl-,2672,41856,False
4hrhe,dixius99,1550,14064,False
yaxa,en3r0,2091,2250,False
4siep,bitigchi,2945,3622,False
2tkm34ze,Zog2,25,6,False
15iuokj5,BioluminescentTurkey,606,2242,False
3jb8vqh2,Shady980,73,208,False
mhc8j,joselitux,4094,342,False
inlamca,7sidedmarble,552,9340,False
29glsfsy,gabeclark,5920,11562,False
2n7rz6dn,ericx2x,68,-19,False
6tkwo,Cruuncher,2403,67448,False
1sp2960l,jabbermuggel,59,1149,False
1ivksb9q,infinitecoolname,386,644,False
g46ppgd,xinud190,63,102,False
4oaum,metanat,3897,3292,False
arnft,Jeehannes,167,530,False
f5gwn,nickjj_,1909,1561,False
cwxzn,pwnedary,834,13830,False
1ivksb9q,infinitecoolname,386,644,False
b1ud7,professorlamp,7507,9102,False
3t50w3yc,zaccstacc,227,44,False
99l2c,THIRSTYGNOMES,3481,5329,False
4oaum,metanat,3897,3292,False
gvcroc9,jdhao,1101,535,False
im77oz,worthyNull,4330,2033,False
5w3hdpi,Arunzeb,1551,296,False
it2ob,MrMelankoli,2010,305,False
t3hym,Alex-broadcast,14,11,False
2ozc0,mattn,681,220,False
3jb8vqh2,Shady980,73,208,False
tncv7,gwolf3,208,58,False
tncv7,gwolf3,208,58,False
grf7w,YuntiMcGunti,384,498,False
1raeckj,mrillusi0n,7550,930,False
43pmq6,omerxman,674,214,False
xziko,Cd4plus,86,2095,False
d2x1p,Aer93,72,284,False
8jqrq,puremourning,424,1366,False
4ykk02lu,LetoTheSecondth,79,57,False
920wb,BlueDrink9,508,116,False
16v10o,LeadInfusedRedPill,240,7116,False
mxb97g,akulichevskiy,118,32,False
61eq2,hamiltino,1582,1024,False
4bniniwi,kanzi00,7,0,False
1xrkcnjf,kamokoba,200,39,False
wxplo,ConVexPrime,1416,920,False
202jsaz7,dstein64,575,145,False
4ycg69rj,fuckermc,449,286,False
4ycg69rj,fuckermc,449,286,False
17273k,tldrthestoryofmylife,714,1049,False
5e82q9ft,BubkisBobby,17,21,False
yit54,RingoRangoRongo,500,225,False
2ytfa5wa,FeetlessColon,3259,3896,False
2vye4x64,gorilla0513,817,58,False
4woknppo,Akura_Mercy,41,130,False
grf7w,YuntiMcGunti,384,498,False
44g01slv,koomenk,907,407,False
5eet80m0,Karl-Levin,2,10,False
1d7x70l,Asynchronousx,9936,750,False
iy0i7,Groctel,26275,18628,True
bm8xp,BlueEzio,182,244,False
5t2o0,Goncyn,68,122,False
2ari6tpu,Mikgician,53,171,False
51cqbrcf,PsychoticBibliophile,4,2,False
56hsu0al,madmansnest,52,15,False
wfh2g,skywind3000,1170,199,False
3wojizk1,-olivier,412,76,False
10h9hn,hgiesel,1338,743,False
3jb8vqh2,Shady980,73,208,False
wkoxw,anyfactor,29196,15562,False
e6n0svp,asheq100,991,986,False
peqpz,jrock2004,1393,1580,False
17273k,tldrthestoryofmylife,714,1049,False
37ajbiwn,_suspicious_alpaca,92,358,False
eovan,fuzzymidget,2461,44822,False
1iokoa4y,hey_its_tom,24530,3415,False
3t9hs7k2,lostinkeyboards,35,13,False
31en8j7w,sainnhe,1783,339,False
a6t6h,MoronInGrey,3282,5750,False
6qoow,aleator,68,605,False
1ksf7dng,RabbitJazz,84,62,False
entre,Forumpy,782,273,False
28x1cuvv,dustinandband,7,1,False
gvcroc9,jdhao,1101,535,False
10bjrr,twistsilver,65,2012,False
65xuw,Lost4468,65531,188320,True
z6sic,OH_GOD_ITS_HIM,388,4352,False
eovan,fuzzymidget,2461,44822,False
202jsaz7,dstein64,575,145,False
r4el5,RandCoder2,639,552,False
n4btf,ivster666,3810,11906,False
1raeckj,mrillusi0n,7550,930,False
dgxe6,nazuko786,92,107,False
59yu2zr1,RalphOctober,1,12,False
4ycg69rj,fuckermc,449,286,False
odd9hst,iocentos,2,1,False
47m7y,sharat87,1034,174,False
6p9ut0,uRTLy,16,45,False
140yv8,RudeGuy2000,464,434,False
5cue6n87,NotEveryExpectation,20,690,False
h53t9,PaperCupsAhoy,94,273,False
1jmresv0,igeleis,185,156,False
ilbwt,mementomoriok,10597,1848,False
ilbwt,mementomoriok,10597,1848,False
ilbwt,mementomoriok,10597,1848,False
11ip0l,MrRichBOB,1731,7051,False
ilbwt,mementomoriok,10597,1848,False
6rhhbj7,nebulaeandstars,16645,4022,False
ilbwt,mementomoriok,10597,1848,False
ilbwt,mementomoriok,10597,1848,False
ilbwt,mementomoriok,10597,1848,False
3h3zgqq3,ihateoldmovies,307,85,False
ilbwt,mementomoriok,10597,1848,False
ilbwt,mementomoriok,10597,1848,False
1g95qfzk,segdirbnab,19,39,False
xswprp9,LinuxDing,3,6,False
k1thh,CMDRStephano,267,387,False
jv4edou,phantaso0s,4220,685,False
ilbwt,mementomoriok,10597,1848,False
ahjt5,bilvy,474,876,False
ilbwt,mementomoriok,10597,1848,False
ilbwt,mementomoriok,10597,1848,False
5w3hdpi,Arunzeb,1551,296,False
2yzdcuy0,rogchap,743,629,False
deksiud,spicytackos,465,49,False
3rsva12x,baduCleo,385,380,False
ys8uad,yorch_s3,1,0,False
10q0hq,ErranusCaminhus,110,151,False
ty3lr,grep_Name,308,1535,False
58jvxm3j,easybakeoven64,10,9,False
1eohzfh7,aksh2161989,709,-66,False
tq3f5,FromTheWildSide,81,1316,False
4tvrs,Dr_Malcolm,1,6828,False
ilbwt,mementomoriok,10597,1848,False
ilbwt,mementomoriok,10597,1848,False
ilbwt,mementomoriok,10597,1848,False
ilbwt,mementomoriok,10597,1848,False
j0tvo,chaign_c,1004,23,False
ilbwt,mementomoriok,10597,1848,False
8pjw9,PacoVelobs,31075,2240,False
wkoxw,anyfactor,29196,15562,False
5d2xdsq,nicol4s_c,255,47,False
584t9q3u,neonZorin,23,15,False
1vczhonx,eva_kuator,1391,672,False
n60ih,BubblegumTitanium,550,19849,False
nffka,punctualjohn,623,9033,False
16ztmc,chillysurfer,6852,6015,False
ptl3un7,Alby407,71,84,False
ilbwt,mementomoriok,10597,1848,False
nhsu8,Atemu12,6660,106384,False
14pxkb86,BlockEncryptor,181,197,False
r1qw4,yaddyadd,14395,21979,False
r1qw4,yaddyadd,14395,21979,False
2g1g3,sigzero,2805,11311,False
12ywnvl,linarcx,1143,232,False
ilbwt,mementomoriok,10597,1848,False
153oa2,MedMAghraoui,377,122,False
wkoxw,anyfactor,29196,15562,False
4oaum,metanat,3897,3292,False
17273k,tldrthestoryofmylife,714,1049,False
ilbwt,mementomoriok,10597,1848,False
ilbwt,mementomoriok,10597,1848,False
nyj26,ehkropf,13,61,False
n60ih,BubblegumTitanium,550,19849,False
o5lsr,el_zdo,607,401,False
4g7bk3d3,its_just_shane,1592,1314,False
qwmjhyk,timhae,3,10,False
15ikd3,DrEtherWeb,5,106,False
4g7bk3d3,its_just_shane,1592,1314,False
4pmrm67e,CheatMaple,2790,9843,False
5g2nrfsu,patrickshox,177,22,False
sxfgplh,whizzythorne,14100,20222,False
lygkah9,volta_seca,2,22,False
3zrhzmc9,mgarort,12175,1317,False
gcejg,gntsketches,1893,475,False
wfh2g,skywind3000,1170,199,False
jr965i9,europe-fire,1788,2175,False
11lw7o,Proximyst,1652,1707,False
6rhhbj7,nebulaeandstars,16645,4022,False
5w3hdpi,Arunzeb,1551,296,False
1vczhonx,eva_kuator,1391,672,False
r3o1g,krtcl,232,273,False
4yntg799,SlutForSonsCock,41,731,False
ozhaixl,blaufusstoelpel,39,95,False
17gtum,Lucifer_in_Disguise,736,63,False
5b2ri8la,adamijak,13,170,False
ca8jg,RiceKrispyPooHead,14904,52837,False
44oe1d7r,0x00001111,7,3,False
e1v3gkm,hannenz,115,216,False
e1v3gkm,hannenz,115,216,False
ofwfv,danielo515,1211,513,False
41may,UpOnCloud9,1507,3792,False
15h0209f,DangerousFart,21161,26586,False
wfh2g,skywind3000,1170,199,False
xjnymdd,bozymandias,11474,9178,False
57t3n9fq,GPhykos,17865,4832,False
38jgu0gf,bWF0a3Vr,2461,10250,False
2lejnt3k,Oracolus,12340,6954,False
m2i5vub,seomisS,625,134,False
179oem,Hardcore_Cytrynka,110,271,False
d8aj0,fenjacobs,3132,1592,False
2bridad9,SiliconRaven,60221,2402,False
16nvbp,yokisuci,86,777,False
228g46lb,schrdingers_squirrel,689,3023,False
8sk85,justrajdeep,1247,322,False
45tzz,machone,175,10214,False
47ledrng,humanmetric,386,37,False
n60ih,BubblegumTitanium,550,19849,False
15wv9j,FenryrMKIII,106,46,False
46c08fwh,oponkork,38,33,False
12ywnvl,linarcx,1143,232,False
44de5zyr,vanuan,71,0,False
3dblrm6k,BearyGoosey,495,2663,False
482zj3an,hjkldot,8,0,False
xiqrk,tassulin,1100,1588,False
12ywnvl,linarcx,1143,232,False
py4fi,anonymous_1971,20,169,False
4yntg799,SlutForSonsCock,41,731,False
1dmvetii,badari259,177,101,False
7ugvr,tvetus,115,552,False
b1ud7,professorlamp,7508,9102,False
xyz6e,Iazel,38,78,False
4b8npdpu,mectos_,63,10,False
5idrbce5,randomtechgirl,1,0,False
12egx19r,gropethegoat,1854,1707,False
1raeckj,mrillusi0n,7552,930,False
gvubojg,eskewet,21879,8641,False
ty3lr,grep_Name,308,1535,False
1raeckj,mrillusi0n,7552,930,False
546ohrqf,diovanii,3,2,False
pmepl,HogliMogli,9,28,False
4usczzke,kiwisniper69,1024,267,False
e2i2n,coloradocolby,156,0,False
2nkh02ap,OldManOfTheMountain-,165,8,False
57eqyp60,CC7EkdzD,6,5,False
n60ih,BubblegumTitanium,550,19849,False
57kgon6s,InfiTualEr,1916,1686,False
57kgon6s,InfiTualEr,1916,1686,False
5eovtzhl,darktherapee,1,0,False
4b0mttq8,anihm136,14,139,False
hgg60,bio-sync,1236,1076,False
pnrxx,stephane_rolland,90,2883,False
4g7bk3d3,its_just_shane,1592,1314,False
1nojrqwq,tycholiz,231,37,False
r7f0n,southcongresser,5900,161,False
jsa1dry,drafted_,5273,2015,False
2wtl306t,pi_equals_3_equals_e,18,0,False
4v0aey1z,69shaolin69,10434,13322,False
1vczhonx,eva_kuator,1391,672,False
1vczhonx,eva_kuator,1391,672,False
554rgy1r,jamJam20,802,476,False
37hr27kf,4osf4,8,1,False
1e74u1jv,hisacro,1898,1671,False
10mhoh,turbolag95,2810,8213,False
3nfah,redredditor,2305,4869,False
17gtum,Lucifer_in_Disguise,736,63,False
1vczhonx,eva_kuator,1391,672,False
3h0n5pmx,ibite-books,1521,14992,False
3xvdwpf2,ValGriff,12129,1389,False
1vczhonx,eva_kuator,1391,672,False
m132m,rabuli,115,18,False
5i2rt,n8henrie,809,1043,False
jr5wq,solyarisoftware,6,0,False
20gh5qub,PetrichorMemories,5793,1932,False
4a7uhc57,tugurio,168,6,False
43iwq,welle,13850,1808,False
5bmfk1su,UrkelQEinstein,101,7,False
xxivo,Androuil,130,97,False
pe3an,ghostinzshell,105,430,False
1w2i8ge6,gs1293_work,3,384,False
1349qc,maksimyugai,147,21,False
2iyo2lbb,PikPakZaMene,7502,2059,False
4v0aey1z,69shaolin69,10434,13322,False
yny4z,MarquizeDeGeeze,35,29,False
5d48buot,recursiveAutoTasking,1,1,False
3q1hs,lowpass,3512,24133,False
202jsaz7,dstein64,575,145,False
26mabc9w,maga_ot_oz,506,192,False
1f7u5617,0x113,10993,378,False
303nf8u0,Reasintper,170,189,False
tmgwq,wsdjeg,4350,383,False
5gjug7oz,Formal-Island,6,0,False
382887jg,khadegd,315,72,False
naptx,brisvag,5268,1398,False
5jqxcra5,AjayVignesh,1,1,False
1po1g8g1,dynamic_caste,9,9164,True
2cvrfod1,ChrisBreederveld,6,15759,False
1vczhonx,eva_kuator,1391,672,False
12ywnvl,linarcx,1143,232,False
zss91,cp1122,387,1548,False
e6n0svp,asheq100,991,986,False
54rddxzs,thrallsius,1072,4123,False
zrbv9,liuchengxu,655,113,False
3yyzwwrb,JohnHuffam,2297,2732,False
1nm2et82,sheepshapesoap,4502,4241,False
55151mee,tjfloatingpoint,69,19,False
3kti2,esbenab,4296,14584,False
mqqpcdf,njkevlani,214,953,False
8r5v2,tmax8908,127,8862,False
27r8se6d,emera_,17,0,False
8vl8a,chillaxtv,2886,2325,False
2dmh1fg6,kasikciozan,591,152,False
108oj6,LorenWard,1438,22125,False
1k8fgx2,ThatsSlick,25,119,False
tgjfrtc,madcodez,5032,2063,False
xooj3,crizzy_mcawesome,4743,2180,False
12sntm,animehunter123,20,10,False
4oaum,metanat,3897,3292,False
1xrkcnjf,kamokoba,200,39,False
y0sin,-manu-,543,312,False
jmrmh,colonelcapitalism,7751,9366,False
1eohzfh7,aksh2161989,709,-66,False
1vczhonx,eva_kuator,1391,672,False
17gtum,Lucifer_in_Disguise,736,63,False
wqo4q,AstraRotlicht22,947,4621,False
12ynnh,db443,1842,835,False
2nkh02ap,OldManOfTheMountain-,165,8,False
rh1ws,questioner45,824,1923,False
1vczhonx,eva_kuator,1391,672,False
3iastawt,tripurari001,757,38,False
3iastawt,tripurari001,757,38,False
ofwfv,danielo515,1211,513,False
2k93zr1f,CommanderKelso,3211,576,False
546ohrqf,diovanii,3,2,False
a6mb1,JerseyMilker,1391,1328,False
57wfhgce,jrop2,215,1243,False
wqo4q,AstraRotlicht22,947,4621,False
1raeckj,mrillusi0n,7552,930,False
113p04,sangohandbz,2,22,False
3ecci,agclx,138,640,False
546ohrqf,diovanii,3,2,False
3h0565e7,Gositi,2015,7223,False
4yc6sl9i,Dyspnoic9219,16,6,False
16lgo8x,HiPhish,741,603,False
s647y,tterranigma,913,682,False
4b8npdpu,mectos_,63,10,False
53nphcux,vimisepic,39,0,False
8qo0r,SLesslyTall,1283,214,False
4b8npdpu,mectos_,63,10,False
dycda,CoolioDood,24055,10592,False
91wwk,kace91,5620,122382,False
lhgim,nemanjan00,3491,1660,False
me9dj,notabhijeet,1142,331,False
enc9a,JackeJR,47,112,False
4oaum,metanat,3897,3292,False
3yyzwwrb,JohnHuffam,2297,2732,False
andyy,zywx1909,381,1078,False
3kgkql01,yep808,22489,3481,False
6gegb,Zugbug,1008,5171,False
q1jj0,ryvnf,540,296,False
q1jj0,ryvnf,540,296,False
q1jj0,ryvnf,540,296,False
3fx21,dajoy,1239,1080,False
3a6fkxlz,kakiopolis,47,139,False
14pkul,betoharres,172,1259,False
4qy78,ZeppoLeClown,329,3373,False
3y1dnb34,McQuillus23,6430,184,False
3urje6d4,nick_lehmann,99,7,False
5jtkl,pomJ,8,52,False
jx1hl,atseajournal,4262,1499,False
1i8xz7we,ephemerr,861,833,False
3rry6592,xcorrupterx,131,646,False
16l87s,ask2sk,18917,3256,False
gxhar,maxigit,577,2984,False
gidhg,azmr,62,2,False
108oj6,LorenWard,1438,22125,False
5fqf7izy,Godnyx117,3603,3805,False
9da6f,Ol_willy,4849,9499,False
8qo0r,SLesslyTall,1283,214,False
2asxjmyi,dhanno65,5873,708,False
3qqff,brightbyte8,1410,133,False
2yzdcuy0,rogchap,743,629,False
316f22c1,Prouflor,1078,286,False